n_robots,mode,variant,ssp_ms,iterq,cpu_limit,container,t_rel_s,cpu_percent,mem_mb,blk_read_mb,blk_write_mb,net_rx_mb,net_tx_mb
4,continuous,rr,,,,robot1-sidecar,0,0.04,67.37,0.016,0.012,0.069,0.049
4,continuous,rr,,,,robot1-sidecar,1,3.49,68.09,0.016,0.012,0.081,0.059
4,continuous,rr,,,,robot1-sidecar,2,1.78,68.42,0.016,0.012,0.088,0.066
4,continuous,rr,,,,robot1-sidecar,3,1.97,68.64,0.016,0.016,0.098,0.072
4,continuous,rr,,,,robot1-sidecar,4,1.75,68.71,0.016,0.016,0.106,0.076
4,continuous,rr,,,,robot1-sidecar,5,1.86,70.36,0.016,0.02,0.117,0.085
4,continuous,rr,,,,robot1-sidecar,6,1.72,70.51,0.016,0.023,0.126,0.089
4,continuous,rr,,,,robot1-sidecar,7,1.24,71.17,0.016,0.023,0.133,0.092
4,continuous,rr,,,,robot1-sidecar,8,1.67,71.36,0.016,0.027,0.141,0.094
4,continuous,rr,,,,robot1-sidecar,9,1.58,71.85,0.016,0.027,0.145,0.096
4,continuous,rr,,,,robot1-sidecar,10,2.64,72.67,0.016,0.031,0.151,0.1
4,continuous,rr,,,,robot1-sidecar,11,1.76,73.16,0.016,0.035,0.16,0.107
4,continuous,rr,,,,robot1-sidecar,12,1.85,73.89,0.016,0.035,0.168,0.114
4,continuous,rr,,,,robot1-sidecar,13,1.91,74.95,0.016,0.039,0.178,0.12
4,continuous,rr,,,,robot1-sidecar,14,2.22,76.5,0.016,0.043,0.191,0.131
4,continuous,rr,,,,robot1-sidecar,15,1.73,76.86,0.016,0.043,0.198,0.135
4,continuous,rr,,,,robot1-sidecar,16,2.09,77.5,0.016,0.047,0.208,0.14
4,continuous,rr,,,,robot1-sidecar,17,1.69,78.46,0.016,0.047,0.214,0.142
4,continuous,rr,,,,robot1-sidecar,18,1.69,78.39,0.016,0.051,0.22,0.144
4,continuous,rr,,,,robot1-sidecar,19,1.7,78.8,0.016,0.051,0.226,0.146
4,continuous,rr,,,,robot1-sidecar,20,3.02,77.23,0.016,0.059,0.234,0.152
4,continuous,rr,,,,robot1-sidecar,21,1.76,76.74,0.016,0.059,0.241,0.158
4,continuous,rr,,,,robot1-sidecar,22,1.8,76.65,0.016,0.062,0.251,0.166
4,continuous,rr,,,,robot1-sidecar,23,1.66,76.63,0.016,0.062,0.258,0.17
4,continuous,rr,,,,robot1-sidecar,24,1.87,76.56,0.016,0.066,0.271,0.181
4,continuous,rr,,,,robot1-sidecar,25,1.18,77.23,0.016,0.066,0.279,0.185
4,continuous,rr,,,,robot1-sidecar,26,1.86,77.65,0.016,0.07,0.288,0.19
4,continuous,rr,,,,robot1-sidecar,27,1.73,77.29,0.016,0.07,0.295,0.192
4,continuous,rr,,,,robot1-sidecar,28,1.23,77.3,0.016,0.074,0.302,0.195
4,continuous,rr,,,,robot1-sidecar,29,1.64,77.72,0.016,0.074,0.307,0.197
4,continuous,rr,,,,robot1-sidecar,30,2.9,76.94,0.016,0.082,0.314,0.202
4,continuous,rr,,,,robot1-sidecar,31,1.9,77.23,0.016,0.082,0.322,0.209
4,continuous,rr,,,,robot1-sidecar,32,1.74,77.02,0.016,0.086,0.332,0.217
4,continuous,rr,,,,robot1-sidecar,33,1.57,77.0,0.016,0.086,0.339,0.221
4,continuous,rr,,,,robot1-sidecar,34,1.94,77.2,0.016,0.09,0.352,0.231
4,continuous,rr,,,,robot1-sidecar,35,1.67,77.36,0.016,0.09,0.36,0.236
4,continuous,rr,,,,robot1-sidecar,36,1.98,78.55,0.016,0.094,0.369,0.241
4,continuous,rr,,,,robot1-sidecar,37,1.63,78.66,0.016,0.094,0.375,0.243
4,continuous,rr,,,,robot1-sidecar,38,1.89,79.08,0.016,0.098,0.383,0.245
4,continuous,rr,,,,robot1-sidecar,39,1.73,79.17,0.016,0.098,0.388,0.247
4,continuous,rr,,,,robot1-sidecar,40,3.0,77.6,0.016,0.105,0.396,0.253
4,continuous,rr,,,,robot1-sidecar,41,1.86,77.56,0.016,0.105,0.404,0.259
4,continuous,rr,,,,robot1-sidecar,42,1.89,77.66,0.016,0.109,0.414,0.267
4,continuous,rr,,,,robot1-sidecar,43,1.69,77.13,0.016,0.109,0.421,0.271
4,continuous,rr,,,,robot1-sidecar,44,1.91,77.13,0.016,0.113,0.433,0.282
4,continuous,rr,,,,robot1-sidecar,45,1.82,77.47,0.016,0.113,0.441,0.286
4,continuous,rr,,,,robot1-sidecar,46,1.93,77.58,0.016,0.117,0.45,0.291
4,continuous,rr,,,,robot1-sidecar,47,1.82,77.44,0.016,0.117,0.456,0.293
4,continuous,rr,,,,robot1-sidecar,48,1.58,77.27,0.016,0.121,0.463,0.296
4,continuous,rr,,,,robot1-sidecar,49,1.7,77.77,0.016,0.121,0.469,0.297
4,continuous,rr,,,,robot1-sidecar,50,2.44,77.42,0.016,0.129,0.477,0.303
4,continuous,rr,,,,robot1-sidecar,51,1.26,77.5,0.016,0.129,0.484,0.31
4,continuous,rr,,,,robot1-sidecar,52,1.86,77.53,0.016,0.133,0.494,0.317
4,continuous,rr,,,,robot1-sidecar,53,1.85,77.51,0.016,0.133,0.502,0.321
4,continuous,rr,,,,robot1-sidecar,54,1.49,77.79,0.016,0.137,0.515,0.332
4,continuous,rr,,,,robot1-sidecar,55,1.78,77.89,0.016,0.137,0.522,0.336
4,continuous,rr,,,,robot1-sidecar,56,2.49,78.5,0.016,0.141,0.532,0.341
4,continuous,rr,,,,robot1-sidecar,57,1.67,78.85,0.016,0.141,0.538,0.343
4,continuous,rr,,,,robot1-sidecar,58,1.67,79.22,0.016,0.145,0.544,0.345
4,continuous,rr,,,,robot1-sidecar,59,1.39,79.25,0.016,0.145,0.549,0.347
4,continuous,rr,,,,robot1-sidecar,60,3.2,77.94,0.016,0.152,0.558,0.353
4,continuous,rr,,,,robot1-sidecar,61,1.27,77.73,0.016,0.152,0.565,0.36
4,continuous,rr,,,,robot1-sidecar,62,1.27,77.83,0.016,0.156,0.575,0.367
4,continuous,rr,,,,robot1-sidecar,63,1.3,77.55,0.016,0.156,0.582,0.371
4,continuous,rr,,,,robot1-sidecar,64,2.05,77.78,0.016,0.16,0.594,0.38
4,continuous,rr,,,,robot1-sidecar,65,1.85,77.66,0.016,0.16,0.601,0.384
4,continuous,rr,,,,robot1-sidecar,66,1.68,77.86,0.016,0.164,0.611,0.389
4,continuous,rr,,,,robot1-sidecar,67,1.37,77.87,0.016,0.164,0.617,0.391
4,continuous,rr,,,,robot1-sidecar,68,1.68,77.67,0.016,0.168,0.624,0.393
4,continuous,rr,,,,robot1-sidecar,69,1.64,78.4,0.016,0.168,0.629,0.395
4,continuous,rr,,,,robot1-sidecar,70,2.97,78.13,0.016,0.176,0.638,0.401
4,continuous,rr,,,,robot1-sidecar,71,1.51,77.89,0.016,0.176,0.646,0.408
4,continuous,rr,,,,robot1-sidecar,72,1.77,78.21,0.016,0.18,0.655,0.415
4,continuous,rr,,,,robot1-sidecar,73,1.2,78.1,0.016,0.18,0.663,0.419
4,continuous,rr,,,,robot1-sidecar,74,1.32,78.11,0.016,0.184,0.674,0.429
4,continuous,rr,,,,robot1-sidecar,75,1.75,77.84,0.016,0.184,0.682,0.433
4,continuous,rr,,,,robot1-sidecar,76,1.86,78.27,0.016,0.188,0.691,0.438
4,continuous,rr,,,,robot1-sidecar,77,1.64,78.44,0.016,0.188,0.698,0.44
4,continuous,rr,,,,robot1-sidecar,78,1.7,78.51,0.016,0.191,0.705,0.443
4,continuous,rr,,,,robot1-sidecar,79,1.61,78.38,0.016,0.191,0.71,0.445
4,continuous,rr,,,,robot1-sidecar,80,2.91,77.79,0.016,0.203,0.718,0.451
4,continuous,rr,,,,robot1-sidecar,81,1.69,77.72,0.016,0.203,0.726,0.458
4,continuous,rr,,,,robot1-sidecar,82,1.74,77.76,0.016,0.207,0.736,0.465
4,continuous,rr,,,,robot1-sidecar,83,2.14,77.98,0.016,0.207,0.744,0.469
4,continuous,rr,,,,robot1-sidecar,84,1.96,78.21,0.016,0.211,0.756,0.479
4,continuous,rr,,,,robot1-sidecar,85,1.66,77.59,0.016,0.211,0.764,0.484
4,continuous,rr,,,,robot1-sidecar,86,1.76,78.04,0.016,0.215,0.773,0.488
4,continuous,rr,,,,robot1-sidecar,87,1.2,77.82,0.016,0.215,0.779,0.49
4,continuous,rr,,,,robot1-sidecar,88,1.69,77.67,0.016,0.219,0.785,0.492
4,continuous,rr,,,,robot1-sidecar,89,1.71,78.16,0.016,0.219,0.791,0.494
4,continuous,rr,,,,robot1-sidecar,90,2.81,78.05,0.016,0.23,0.799,0.501
4,continuous,rr,,,,robot1-sidecar,91,1.72,78.34,0.016,0.23,0.807,0.507
4,continuous,rr,,,,robot1-sidecar,93,1.4,77.99,0.016,0.234,0.817,0.514
4,continuous,rr,,,,robot1-sidecar,94,1.58,77.71,0.016,0.234,0.824,0.519
4,continuous,rr,,,,robot1-sidecar,95,1.61,78.13,0.016,0.238,0.837,0.529
4,continuous,rr,,,,robot1-sidecar,96,2.32,78.47,0.016,0.238,0.845,0.533
4,continuous,rr,,,,robot1-sidecar,97,2.1,79.13,0.016,0.242,0.854,0.538
4,continuous,rr,,,,robot1-sidecar,98,1.21,79.99,0.016,0.242,0.86,0.54
4,continuous,rr,,,,robot1-sidecar,99,1.73,79.48,0.016,0.246,0.867,0.542
4,continuous,rr,,,,robot1-sidecar,100,1.6,79.64,0.016,0.246,0.872,0.544
4,continuous,rr,,,,robot1-sidecar,101,3.38,78.29,0.016,0.258,0.881,0.551
4,continuous,rr,,,,robot1-sidecar,102,1.78,77.64,0.016,0.258,0.888,0.557
4,continuous,rr,,,,robot1-sidecar,103,1.94,78.27,0.016,0.262,0.898,0.564
4,continuous,rr,,,,robot1-sidecar,104,1.94,77.39,0.016,0.262,0.906,0.568
4,continuous,rr,,,,robot1-sidecar,105,2.07,77.95,0.016,0.266,0.917,0.579
4,continuous,rr,,,,robot1-sidecar,106,2.2,77.57,0.016,0.266,0.925,0.583
4,continuous,rr,,,,robot1-sidecar,107,1.75,77.66,0.016,0.27,0.934,0.587
4,continuous,rr,,,,robot1-sidecar,108,1.54,77.58,0.016,0.27,0.94,0.589
4,continuous,rr,,,,robot1-sidecar,109,1.58,77.64,0.016,0.273,0.947,0.592
4,continuous,rr,,,,robot1-sidecar,110,1.68,78.02,0.016,0.273,0.953,0.594
4,continuous,rr,,,,robot1-sidecar,111,2.75,77.78,0.016,0.285,0.962,0.601
4,continuous,rr,,,,robot1-sidecar,112,1.33,77.42,0.016,0.285,0.969,0.608
4,continuous,rr,,,,robot1-sidecar,113,2.39,77.68,0.016,0.289,0.979,0.614
4,continuous,rr,,,,robot1-sidecar,114,1.3,78.12,0.016,0.289,0.986,0.618
4,continuous,rr,,,,robot1-sidecar,115,2.37,77.77,0.016,0.293,1.0,0.63
4,continuous,rr,,,,robot1-sidecar,116,1.29,77.84,0.016,0.293,1.008,0.635
4,continuous,rr,,,,robot1-sidecar,117,1.93,78.21,0.016,0.297,1.017,0.639
4,continuous,rr,,,,robot1-sidecar,118,2.0,78.48,0.016,0.297,1.023,0.641
4,continuous,rr,,,,robot1-sidecar,119,1.72,79.39,0.016,0.301,1.03,0.644
4,continuous,rr,,,,robot1-sidecar,120,1.96,80.06,0.016,0.301,1.036,0.646
4,continuous,rr,,,,robot1-sidecar,121,1.72,80.25,0.016,0.305,1.04,0.648
4,continuous,rr,,,,robot1-sidecar,122,1.4,79.51,0.016,0.305,1.04,0.648
4,continuous,rr,,,,robot1-sidecar,123,1.47,79.52,0.016,0.305,1.04,0.648
4,continuous,rr,,,,robot2-sidecar,0,1.67,40.39,0.016,0.012,0.07,0.049
4,continuous,rr,,,,robot2-sidecar,1,1.78,40.16,0.016,0.012,0.078,0.056
4,continuous,rr,,,,robot2-sidecar,2,1.27,40.78,0.016,0.016,0.087,0.062
4,continuous,rr,,,,robot2-sidecar,3,1.26,40.23,0.016,0.016,0.095,0.066
4,continuous,rr,,,,robot2-sidecar,4,1.99,41.17,0.016,0.02,0.108,0.077
4,continuous,rr,,,,robot2-sidecar,5,1.8,42.07,0.016,0.023,0.117,0.082
4,continuous,rr,,,,robot2-sidecar,6,1.17,42.27,0.016,0.023,0.124,0.084
4,continuous,rr,,,,robot2-sidecar,7,1.73,43.18,0.016,0.027,0.131,0.087
4,continuous,rr,,,,robot2-sidecar,8,1.66,43.05,0.016,0.027,0.135,0.088
4,continuous,rr,,,,robot2-sidecar,9,2.9,43.74,0.016,0.035,0.142,0.093
4,continuous,rr,,,,robot2-sidecar,10,1.79,43.22,0.016,0.035,0.15,0.099
4,continuous,rr,,,,robot2-sidecar,11,1.81,43.5,0.016,0.035,0.158,0.106
4,continuous,rr,,,,robot2-sidecar,12,1.26,43.26,0.016,0.039,0.168,0.112
4,continuous,rr,,,,robot2-sidecar,13,2.14,43.71,0.016,0.043,0.181,0.123
4,continuous,rr,,,,robot2-sidecar,14,1.24,43.89,0.016,0.043,0.188,0.127
4,continuous,rr,,,,robot2-sidecar,15,2.18,43.57,0.016,0.047,0.198,0.132
4,continuous,rr,,,,robot2-sidecar,16,1.64,44.12,0.016,0.047,0.204,0.134
4,continuous,rr,,,,robot2-sidecar,17,1.66,43.89,0.016,0.051,0.212,0.137
4,continuous,rr,,,,robot2-sidecar,18,1.63,44.12,0.016,0.051,0.217,0.139
4,continuous,rr,,,,robot2-sidecar,19,2.86,58.55,0.016,0.059,0.224,0.144
4,continuous,rr,,,,robot2-sidecar,20,1.84,59.02,0.016,0.059,0.232,0.15
4,continuous,rr,,,,robot2-sidecar,21,2.02,60.35,0.016,0.062,0.242,0.158
4,continuous,rr,,,,robot2-sidecar,22,1.8,60.64,0.016,0.062,0.249,0.162
4,continuous,rr,,,,robot2-sidecar,23,2.28,62.07,0.016,0.066,0.262,0.173
4,continuous,rr,,,,robot2-sidecar,24,1.92,62.41,0.016,0.066,0.269,0.177
4,continuous,rr,,,,robot2-sidecar,25,1.83,63.25,0.016,0.07,0.279,0.182
4,continuous,rr,,,,robot2-sidecar,26,1.75,63.92,0.016,0.07,0.285,0.184
4,continuous,rr,,,,robot2-sidecar,27,1.11,63.9,0.016,0.074,0.292,0.187
4,continuous,rr,,,,robot2-sidecar,28,1.74,64.44,0.016,0.074,0.298,0.189
4,continuous,rr,,,,robot2-sidecar,29,3.41,76.87,0.016,0.082,0.305,0.194
4,continuous,rr,,,,robot2-sidecar,30,1.77,77.46,0.016,0.082,0.312,0.201
4,continuous,rr,,,,robot2-sidecar,31,1.94,76.83,0.016,0.086,0.322,0.209
4,continuous,rr,,,,robot2-sidecar,32,1.6,77.08,0.016,0.086,0.33,0.213
4,continuous,rr,,,,robot2-sidecar,33,2.16,77.05,0.016,0.09,0.343,0.223
4,continuous,rr,,,,robot2-sidecar,34,1.73,77.08,0.016,0.09,0.35,0.228
4,continuous,rr,,,,robot2-sidecar,35,1.83,77.11,0.016,0.094,0.359,0.233
4,continuous,rr,,,,robot2-sidecar,36,1.59,76.87,0.016,0.094,0.366,0.235
4,continuous,rr,,,,robot2-sidecar,37,1.62,76.77,0.016,0.098,0.373,0.237
4,continuous,rr,,,,robot2-sidecar,38,1.72,77.06,0.016,0.098,0.378,0.239
4,continuous,rr,,,,robot2-sidecar,39,2.75,77.3,0.016,0.105,0.386,0.245
4,continuous,rr,,,,robot2-sidecar,40,1.86,76.93,0.016,0.105,0.394,0.251
4,continuous,rr,,,,robot2-sidecar,41,1.87,77.12,0.016,0.109,0.404,0.259
4,continuous,rr,,,,robot2-sidecar,42,1.76,76.84,0.016,0.109,0.412,0.264
4,continuous,rr,,,,robot2-sidecar,43,1.61,77.6,0.016,0.113,0.425,0.274
4,continuous,rr,,,,robot2-sidecar,44,1.74,77.48,0.016,0.113,0.431,0.278
4,continuous,rr,,,,robot2-sidecar,45,1.77,77.93,0.016,0.117,0.44,0.283
4,continuous,rr,,,,robot2-sidecar,46,1.73,78.02,0.016,0.117,0.447,0.285
4,continuous,rr,,,,robot2-sidecar,47,1.85,78.85,0.016,0.121,0.454,0.288
4,continuous,rr,,,,robot2-sidecar,48,1.7,78.94,0.016,0.121,0.459,0.289
4,continuous,rr,,,,robot2-sidecar,49,2.97,77.85,0.016,0.129,0.467,0.295
4,continuous,rr,,,,robot2-sidecar,50,1.82,77.71,0.016,0.129,0.475,0.302
4,continuous,rr,,,,robot2-sidecar,51,1.43,77.49,0.016,0.133,0.485,0.309
4,continuous,rr,,,,robot2-sidecar,52,1.8,77.39,0.016,0.133,0.493,0.313
4,continuous,rr,,,,robot2-sidecar,53,1.97,77.52,0.016,0.137,0.505,0.324
4,continuous,rr,,,,robot2-sidecar,54,1.79,77.57,0.016,0.137,0.513,0.328
4,continuous,rr,,,,robot2-sidecar,55,1.34,77.95,0.016,0.141,0.522,0.333
4,continuous,rr,,,,robot2-sidecar,56,1.44,77.6,0.016,0.141,0.529,0.335
4,continuous,rr,,,,robot2-sidecar,57,1.79,77.49,0.016,0.145,0.536,0.338
4,continuous,rr,,,,robot2-sidecar,58,1.68,77.89,0.016,0.145,0.541,0.339
4,continuous,rr,,,,robot2-sidecar,59,2.97,77.47,0.016,0.152,0.55,0.346
4,continuous,rr,,,,robot2-sidecar,60,1.25,77.21,0.016,0.152,0.556,0.352
4,continuous,rr,,,,robot2-sidecar,61,1.78,77.32,0.016,0.156,0.566,0.359
4,continuous,rr,,,,robot2-sidecar,62,1.62,77.38,0.016,0.156,0.573,0.363
4,continuous,rr,,,,robot2-sidecar,63,2.0,77.71,0.016,0.16,0.586,0.373
4,continuous,rr,,,,robot2-sidecar,64,1.62,77.62,0.016,0.16,0.594,0.377
4,continuous,rr,,,,robot2-sidecar,65,1.83,77.8,0.016,0.164,0.603,0.382
4,continuous,rr,,,,robot2-sidecar,66,1.67,78.28,0.016,0.164,0.609,0.384
4,continuous,rr,,,,robot2-sidecar,67,1.74,78.13,0.016,0.168,0.616,0.387
4,continuous,rr,,,,robot2-sidecar,68,1.61,78.38,0.016,0.168,0.622,0.389
4,continuous,rr,,,,robot2-sidecar,69,3.14,78.29,0.016,0.176,0.63,0.395
4,continuous,rr,,,,robot2-sidecar,70,1.69,77.15,0.016,0.176,0.638,0.402
4,continuous,rr,,,,robot2-sidecar,71,1.76,77.14,0.016,0.18,0.648,0.409
4,continuous,rr,,,,robot2-sidecar,72,1.16,77.34,0.016,0.18,0.655,0.413
4,continuous,rr,,,,robot2-sidecar,73,2.17,77.2,0.016,0.184,0.667,0.423
4,continuous,rr,,,,robot2-sidecar,74,1.77,77.7,0.016,0.184,0.674,0.427
4,continuous,rr,,,,robot2-sidecar,75,1.72,77.45,0.016,0.188,0.683,0.432
4,continuous,rr,,,,robot2-sidecar,76,1.48,77.37,0.016,0.188,0.69,0.434
4,continuous,rr,,,,robot2-sidecar,77,1.64,77.48,0.016,0.191,0.697,0.437
4,continuous,rr,,,,robot2-sidecar,78,1.66,77.48,0.016,0.191,0.702,0.438
4,continuous,rr,,,,robot2-sidecar,79,3.05,77.14,0.016,0.203,0.711,0.445
4,continuous,rr,,,,robot2-sidecar,80,1.28,77.21,0.016,0.203,0.718,0.452
4,continuous,rr,,,,robot2-sidecar,81,1.74,77.11,0.016,0.207,0.728,0.459
4,continuous,rr,,,,robot2-sidecar,82,2.07,77.3,0.016,0.207,0.736,0.463
4,continuous,rr,,,,robot2-sidecar,83,1.95,77.22,0.016,0.211,0.747,0.471
4,continuous,rr,,,,robot2-sidecar,84,1.56,77.3,0.016,0.211,0.755,0.475
4,continuous,rr,,,,robot2-sidecar,85,1.86,77.72,0.016,0.215,0.764,0.48
4,continuous,rr,,,,robot2-sidecar,86,1.77,77.9,0.016,0.215,0.77,0.482
4,continuous,rr,,,,robot2-sidecar,87,1.82,78.35,0.016,0.219,0.777,0.485
4,continuous,rr,,,,robot2-sidecar,88,1.08,78.84,0.016,0.219,0.782,0.486
4,continuous,rr,,,,robot2-sidecar,89,2.95,77.51,0.016,0.23,0.79,0.492
4,continuous,rr,,,,robot2-sidecar,90,1.83,77.83,0.016,0.23,0.798,0.499
4,continuous,rr,,,,robot2-sidecar,91,1.43,77.45,0.016,0.234,0.808,0.506
4,continuous,rr,,,,robot2-sidecar,93,1.77,77.57,0.016,0.234,0.815,0.51
4,continuous,rr,,,,robot2-sidecar,94,1.52,77.73,0.016,0.238,0.828,0.521
4,continuous,rr,,,,robot2-sidecar,95,2.2,77.55,0.016,0.238,0.836,0.525
4,continuous,rr,,,,robot2-sidecar,96,2.01,77.52,0.016,0.242,0.845,0.529
4,continuous,rr,,,,robot2-sidecar,97,1.61,77.68,0.016,0.242,0.851,0.531
4,continuous,rr,,,,robot2-sidecar,98,1.76,77.75,0.016,0.246,0.858,0.534
4,continuous,rr,,,,robot2-sidecar,99,1.59,77.54,0.016,0.246,0.863,0.536
4,continuous,rr,,,,robot2-sidecar,100,2.2,78.04,0.016,0.258,0.872,0.543
4,continuous,rr,,,,robot2-sidecar,101,1.32,77.82,0.016,0.258,0.879,0.549
4,continuous,rr,,,,robot2-sidecar,102,1.85,77.7,0.016,0.262,0.889,0.556
4,continuous,rr,,,,robot2-sidecar,103,1.23,77.71,0.016,0.262,0.897,0.56
4,continuous,rr,,,,robot2-sidecar,104,1.59,77.89,0.016,0.266,0.908,0.57
4,continuous,rr,,,,robot2-sidecar,105,2.28,78.28,0.016,0.266,0.916,0.574
4,continuous,rr,,,,robot2-sidecar,106,1.7,78.72,0.016,0.27,0.925,0.579
4,continuous,rr,,,,robot2-sidecar,107,1.58,79.01,0.016,0.27,0.931,0.581
4,continuous,rr,,,,robot2-sidecar,108,1.62,79.1,0.016,0.273,0.938,0.584
4,continuous,rr,,,,robot2-sidecar,109,1.59,79.19,0.016,0.273,0.944,0.585
4,continuous,rr,,,,robot2-sidecar,110,2.63,78.15,0.016,0.285,0.953,0.593
4,continuous,rr,,,,robot2-sidecar,111,1.8,77.89,0.016,0.285,0.96,0.599
4,continuous,rr,,,,robot2-sidecar,112,1.33,77.7,0.016,0.289,0.97,0.606
4,continuous,rr,,,,robot2-sidecar,113,1.79,77.59,0.016,0.289,0.977,0.61
4,continuous,rr,,,,robot2-sidecar,114,1.67,77.38,0.016,0.293,0.99,0.62
4,continuous,rr,,,,robot2-sidecar,115,1.85,77.74,0.016,0.293,0.998,0.624
4,continuous,rr,,,,robot2-sidecar,116,1.86,77.72,0.016,0.297,1.007,0.629
4,continuous,rr,,,,robot2-sidecar,117,1.97,77.83,0.016,0.297,1.013,0.631
4,continuous,rr,,,,robot2-sidecar,118,1.14,77.88,0.016,0.301,1.02,0.634
4,continuous,rr,,,,robot2-sidecar,119,1.93,77.54,0.016,0.301,1.025,0.635
4,continuous,rr,,,,robot2-sidecar,120,1.66,77.72,0.016,0.305,1.029,0.637
4,continuous,rr,,,,robot2-sidecar,121,1.42,77.54,0.016,0.305,1.029,0.637
4,continuous,rr,,,,robot2-sidecar,122,0.95,77.54,0.016,0.305,1.029,0.637
4,continuous,rr,,,,robot3-sidecar,0,0.02,39.7,0.012,0.012,0.057,0.038
4,continuous,rr,,,,robot3-sidecar,1,3.11,40.73,0.012,0.012,0.069,0.048
4,continuous,rr,,,,robot3-sidecar,2,1.72,39.88,0.012,0.012,0.077,0.055
4,continuous,rr,,,,robot3-sidecar,3,1.91,39.66,0.012,0.016,0.087,0.061
4,continuous,rr,,,,robot3-sidecar,4,1.86,39.99,0.012,0.016,0.094,0.065
4,continuous,rr,,,,robot3-sidecar,5,1.87,40.99,0.012,0.02,0.107,0.076
4,continuous,rr,,,,robot3-sidecar,6,1.64,41.81,0.012,0.023,0.116,0.08
4,continuous,rr,,,,robot3-sidecar,7,1.7,42.56,0.012,0.023,0.123,0.083
4,continuous,rr,,,,robot3-sidecar,8,1.76,42.55,0.012,0.027,0.131,0.086
4,continuous,rr,,,,robot3-sidecar,9,1.56,42.98,0.012,0.027,0.135,0.088
4,continuous,rr,,,,robot3-sidecar,10,2.89,43.53,0.012,0.031,0.142,0.092
4,continuous,rr,,,,robot3-sidecar,11,1.74,44.54,0.012,0.035,0.15,0.099
4,continuous,rr,,,,robot3-sidecar,12,1.27,44.16,0.012,0.035,0.158,0.106
4,continuous,rr,,,,robot3-sidecar,13,1.82,44.18,0.012,0.039,0.168,0.112
4,continuous,rr,,,,robot3-sidecar,14,2.06,44.55,0.012,0.043,0.181,0.122
4,continuous,rr,,,,robot3-sidecar,15,1.8,44.29,0.012,0.043,0.188,0.126
4,continuous,rr,,,,robot3-sidecar,16,2.14,44.89,0.012,0.047,0.198,0.132
4,continuous,rr,,,,robot3-sidecar,17,1.64,44.77,0.012,0.047,0.204,0.134
4,continuous,rr,,,,robot3-sidecar,18,1.57,45.02,0.012,0.051,0.211,0.136
4,continuous,rr,,,,robot3-sidecar,19,1.57,44.7,0.012,0.051,0.216,0.138
4,continuous,rr,,,,robot3-sidecar,20,3.13,58.82,0.012,0.059,0.224,0.143
4,continuous,rr,,,,robot3-sidecar,21,2.0,59.42,0.012,0.059,0.231,0.15
4,continuous,rr,,,,robot3-sidecar,22,2.09,60.19,0.012,0.062,0.241,0.158
4,continuous,rr,,,,robot3-sidecar,23,1.67,61.3,0.012,0.062,0.249,0.162
4,continuous,rr,,,,robot3-sidecar,24,2.09,62.27,0.012,0.066,0.261,0.172
4,continuous,rr,,,,robot3-sidecar,25,1.38,62.47,0.012,0.066,0.269,0.177
4,continuous,rr,,,,robot3-sidecar,26,1.88,63.57,0.012,0.07,0.279,0.182
4,continuous,rr,,,,robot3-sidecar,27,1.69,64.26,0.012,0.07,0.285,0.184
4,continuous,rr,,,,robot3-sidecar,28,1.66,64.33,0.012,0.074,0.292,0.187
4,continuous,rr,,,,robot3-sidecar,29,1.65,64.44,0.012,0.074,0.297,0.189
4,continuous,rr,,,,robot3-sidecar,30,2.91,76.87,0.012,0.082,0.304,0.194
4,continuous,rr,,,,robot3-sidecar,31,1.71,77.13,0.012,0.082,0.312,0.2
4,continuous,rr,,,,robot3-sidecar,32,1.8,77.34,0.012,0.086,0.322,0.208
4,continuous,rr,,,,robot3-sidecar,33,1.58,77.22,0.012,0.086,0.329,0.213
4,continuous,rr,,,,robot3-sidecar,34,2.05,76.94,0.012,0.09,0.342,0.223
4,continuous,rr,,,,robot3-sidecar,35,1.7,76.82,0.012,0.09,0.35,0.227
4,continuous,rr,,,,robot3-sidecar,36,1.28,76.85,0.012,0.094,0.359,0.232
4,continuous,rr,,,,robot3-sidecar,37,1.04,77.46,0.012,0.094,0.366,0.234
4,continuous,rr,,,,robot3-sidecar,38,1.67,77.32,0.012,0.098,0.373,0.237
4,continuous,rr,,,,robot3-sidecar,39,1.66,77.04,0.012,0.098,0.378,0.239
4,continuous,rr,,,,robot3-sidecar,40,2.76,77.59,0.012,0.105,0.386,0.244
4,continuous,rr,,,,robot3-sidecar,41,1.93,77.18,0.012,0.105,0.394,0.251
4,continuous,rr,,,,robot3-sidecar,42,1.95,76.84,0.012,0.109,0.404,0.259
4,continuous,rr,,,,robot3-sidecar,43,1.67,77.19,0.012,0.109,0.412,0.263
4,continuous,rr,,,,robot3-sidecar,44,1.89,77.22,0.012,0.113,0.423,0.274
4,continuous,rr,,,,robot3-sidecar,45,1.71,77.2,0.012,0.113,0.431,0.278
4,continuous,rr,,,,robot3-sidecar,46,1.51,77.65,0.012,0.117,0.44,0.283
4,continuous,rr,,,,robot3-sidecar,47,1.59,78.2,0.012,0.117,0.446,0.285
4,continuous,rr,,,,robot3-sidecar,48,1.73,79.0,0.012,0.121,0.454,0.287
4,continuous,rr,,,,robot3-sidecar,49,1.66,79.24,0.012,0.121,0.459,0.289
4,continuous,rr,,,,robot3-sidecar,50,3.02,79.45,0.012,0.129,0.467,0.295
4,continuous,rr,,,,robot3-sidecar,51,1.8,79.7,0.012,0.129,0.475,0.301
4,continuous,rr,,,,robot3-sidecar,52,1.34,79.89,0.012,0.133,0.484,0.309
4,continuous,rr,,,,robot3-sidecar,53,1.81,79.74,0.012,0.133,0.492,0.313
4,continuous,rr,,,,robot3-sidecar,54,2.13,79.73,0.012,0.137,0.506,0.326
4,continuous,rr,,,,robot3-sidecar,55,1.82,79.58,0.012,0.137,0.514,0.33
4,continuous,rr,,,,robot3-sidecar,56,2.31,79.44,0.012,0.141,0.523,0.335
4,continuous,rr,,,,robot3-sidecar,57,1.58,79.74,0.012,0.141,0.529,0.337
4,continuous,rr,,,,robot3-sidecar,58,1.71,79.68,0.012,0.145,0.535,0.339
4,continuous,rr,,,,robot3-sidecar,59,1.65,79.59,0.012,0.145,0.54,0.341
4,continuous,rr,,,,robot3-sidecar,60,2.76,79.45,0.012,0.152,0.549,0.347
4,continuous,rr,,,,robot3-sidecar,61,1.75,79.78,0.012,0.152,0.557,0.354
4,continuous,rr,,,,robot3-sidecar,62,1.87,80.36,0.012,0.156,0.566,0.36
4,continuous,rr,,,,robot3-sidecar,63,1.7,79.73,0.012,0.156,0.573,0.365
4,continuous,rr,,,,robot3-sidecar,64,1.91,79.48,0.012,0.16,0.586,0.375
4,continuous,rr,,,,robot3-sidecar,65,1.69,79.82,0.012,0.16,0.594,0.379
4,continuous,rr,,,,robot3-sidecar,66,1.74,79.89,0.012,0.164,0.603,0.384
4,continuous,rr,,,,robot3-sidecar,67,1.68,79.88,0.012,0.164,0.609,0.386
4,continuous,rr,,,,robot3-sidecar,68,1.76,80.06,0.012,0.168,0.617,0.389
4,continuous,rr,,,,robot3-sidecar,69,1.66,80.06,0.012,0.168,0.622,0.391
4,continuous,rr,,,,robot3-sidecar,70,3.16,77.74,0.012,0.176,0.63,0.397
4,continuous,rr,,,,robot3-sidecar,71,1.64,77.34,0.012,0.176,0.638,0.404
4,continuous,rr,,,,robot3-sidecar,72,1.67,77.96,0.012,0.18,0.648,0.411
4,continuous,rr,,,,robot3-sidecar,73,1.74,77.81,0.012,0.18,0.655,0.415
4,continuous,rr,,,,robot3-sidecar,74,2.03,77.39,0.012,0.184,0.667,0.425
4,continuous,rr,,,,robot3-sidecar,75,1.69,77.27,0.012,0.184,0.674,0.429
4,continuous,rr,,,,robot3-sidecar,76,1.79,77.64,0.012,0.188,0.684,0.434
4,continuous,rr,,,,robot3-sidecar,77,1.62,77.6,0.012,0.188,0.69,0.436
4,continuous,rr,,,,robot3-sidecar,78,1.58,77.5,0.012,0.191,0.697,0.439
4,continuous,rr,,,,robot3-sidecar,79,1.68,77.8,0.012,0.191,0.702,0.44
4,continuous,rr,,,,robot3-sidecar,80,2.75,77.3,0.012,0.203,0.711,0.447
4,continuous,rr,,,,robot3-sidecar,81,1.76,77.5,0.012,0.203,0.719,0.454
4,continuous,rr,,,,robot3-sidecar,82,1.74,77.77,0.012,0.207,0.728,0.46
4,continuous,rr,,,,robot3-sidecar,83,1.26,77.3,0.012,0.207,0.736,0.465
4,continuous,rr,,,,robot3-sidecar,84,1.45,77.25,0.012,0.211,0.749,0.475
4,continuous,rr,,,,robot3-sidecar,85,1.73,77.61,0.012,0.211,0.757,0.479
4,continuous,rr,,,,robot3-sidecar,86,1.9,78.84,0.012,0.215,0.766,0.484
4,continuous,rr,,,,robot3-sidecar,87,1.65,78.31,0.012,0.215,0.771,0.486
4,continuous,rr,,,,robot3-sidecar,88,1.75,78.68,0.012,0.219,0.778,0.488
4,continuous,rr,,,,robot3-sidecar,89,1.64,78.88,0.012,0.219,0.783,0.49
4,continuous,rr,,,,robot3-sidecar,90,3.07,77.83,0.012,0.23,0.791,0.496
4,continuous,rr,,,,robot3-sidecar,92,1.91,78.04,0.012,0.23,0.799,0.503
4,continuous,rr,,,,robot3-sidecar,93,1.99,78.23,0.012,0.234,0.809,0.51
4,continuous,rr,,,,robot3-sidecar,94,1.68,78.09,0.012,0.234,0.817,0.514
4,continuous,rr,,,,robot3-sidecar,95,2.0,78.41,0.012,0.238,0.828,0.523
4,continuous,rr,,,,robot3-sidecar,96,2.27,77.84,0.012,0.238,0.836,0.527
4,continuous,rr,,,,robot3-sidecar,97,2.03,77.65,0.012,0.242,0.845,0.531
4,continuous,rr,,,,robot3-sidecar,98,1.63,77.81,0.012,0.242,0.851,0.533
4,continuous,rr,,,,robot3-sidecar,99,1.5,77.86,0.012,0.246,0.858,0.536
4,continuous,rr,,,,robot3-sidecar,100,1.07,78.07,0.012,0.246,0.863,0.538
4,continuous,rr,,,,robot3-sidecar,101,3.03,77.87,0.012,0.258,0.872,0.545
4,continuous,rr,,,,robot3-sidecar,102,1.25,78.11,0.012,0.258,0.88,0.551
4,continuous,rr,,,,robot3-sidecar,103,1.84,78.2,0.012,0.262,0.889,0.558
4,continuous,rr,,,,robot3-sidecar,104,1.92,77.96,0.012,0.262,0.897,0.562
4,continuous,rr,,,,robot3-sidecar,105,1.54,78.07,0.012,0.266,0.909,0.572
4,continuous,rr,,,,robot3-sidecar,106,2.28,78.17,0.012,0.266,0.916,0.576
4,continuous,rr,,,,robot3-sidecar,107,1.25,78.11,0.012,0.27,0.925,0.581
4,continuous,rr,,,,robot3-sidecar,108,1.56,77.88,0.012,0.27,0.932,0.583
4,continuous,rr,,,,robot3-sidecar,109,1.52,78.21,0.012,0.273,0.939,0.585
4,continuous,rr,,,,robot3-sidecar,110,1.68,78.43,0.012,0.273,0.944,0.587
4,continuous,rr,,,,robot3-sidecar,111,2.41,78.05,0.012,0.285,0.953,0.595
4,continuous,rr,,,,robot3-sidecar,112,1.82,77.6,0.012,0.285,0.961,0.601
4,continuous,rr,,,,robot3-sidecar,113,1.36,77.81,0.012,0.289,0.97,0.608
4,continuous,rr,,,,robot3-sidecar,114,1.27,77.59,0.012,0.289,0.978,0.612
4,continuous,rr,,,,robot3-sidecar,115,2.31,77.6,0.012,0.293,0.989,0.62
4,continuous,rr,,,,robot3-sidecar,116,1.81,77.92,0.012,0.293,0.997,0.624
4,continuous,rr,,,,robot3-sidecar,117,1.73,77.8,0.012,0.297,1.006,0.629
4,continuous,rr,,,,robot3-sidecar,118,1.97,77.58,0.012,0.297,1.012,0.631
4,continuous,rr,,,,robot3-sidecar,119,1.12,77.62,0.012,0.301,1.019,0.633
4,continuous,rr,,,,robot3-sidecar,120,1.91,77.47,0.012,0.301,1.025,0.635
4,continuous,rr,,,,robot3-sidecar,121,1.64,77.36,0.012,0.305,1.029,0.637
4,continuous,rr,,,,robot3-sidecar,122,1.4,77.3,0.012,0.305,1.029,0.637
4,continuous,rr,,,,robot3-sidecar,123,1.37,77.28,0.012,0.305,1.029,0.637
4,continuous,rr,,,,robot4-sidecar,0,1.72,41.12,1.129,0.012,0.07,0.049
4,continuous,rr,,,,robot4-sidecar,1,1.32,41.23,1.129,0.012,0.078,0.056
4,continuous,rr,,,,robot4-sidecar,2,1.82,41.75,1.129,0.016,0.087,0.061
4,continuous,rr,,,,robot4-sidecar,3,1.85,41.71,1.129,0.016,0.095,0.066
4,continuous,rr,,,,robot4-sidecar,4,2.31,42.65,1.129,0.02,0.109,0.078
4,continuous,rr,,,,robot4-sidecar,5,1.75,43.09,1.129,0.023,0.115,0.082
4,continuous,rr,,,,robot4-sidecar,6,1.81,43.91,1.129,0.023,0.124,0.085
4,continuous,rr,,,,robot4-sidecar,7,1.72,44.4,1.129,0.023,0.13,0.087
4,continuous,rr,,,,robot4-sidecar,8,1.11,44.6,1.129,0.027,0.136,0.09
4,continuous,rr,,,,robot4-sidecar,9,2.74,45.03,1.129,0.035,0.144,0.095
4,continuous,rr,,,,robot4-sidecar,10,1.85,45.87,1.129,0.035,0.152,0.101
4,continuous,rr,,,,robot4-sidecar,11,1.39,45.43,1.129,0.039,0.161,0.109
4,continuous,rr,,,,robot4-sidecar,12,1.34,46.45,1.129,0.039,0.169,0.114
4,continuous,rr,,,,robot4-sidecar,13,1.52,46.2,1.129,0.043,0.182,0.124
4,continuous,rr,,,,robot4-sidecar,14,1.72,45.98,1.129,0.043,0.189,0.128
4,continuous,rr,,,,robot4-sidecar,15,2.08,45.75,1.129,0.047,0.197,0.133
4,continuous,rr,,,,robot4-sidecar,16,1.58,45.77,1.129,0.047,0.204,0.135
4,continuous,rr,,,,robot4-sidecar,17,1.44,45.61,1.129,0.051,0.212,0.138
4,continuous,rr,,,,robot4-sidecar,18,1.63,45.85,1.129,0.051,0.217,0.14
4,continuous,rr,,,,robot4-sidecar,19,3.07,59.68,1.129,0.059,0.225,0.145
4,continuous,rr,,,,robot4-sidecar,20,1.94,60.64,1.129,0.059,0.233,0.152
4,continuous,rr,,,,robot4-sidecar,21,1.88,61.13,1.129,0.062,0.242,0.159
4,continuous,rr,,,,robot4-sidecar,22,1.92,62.16,1.129,0.062,0.25,0.164
4,continuous,rr,,,,robot4-sidecar,23,2.14,62.91,1.129,0.066,0.261,0.173
4,continuous,rr,,,,robot4-sidecar,24,1.65,63.33,1.129,0.066,0.269,0.178
4,continuous,rr,,,,robot4-sidecar,25,1.82,64.43,1.129,0.07,0.279,0.183
4,continuous,rr,,,,robot4-sidecar,26,1.75,64.62,1.129,0.07,0.285,0.185
4,continuous,rr,,,,robot4-sidecar,27,1.65,64.86,1.129,0.074,0.292,0.188
4,continuous,rr,,,,robot4-sidecar,28,1.74,65.4,1.129,0.074,0.298,0.19
4,continuous,rr,,,,robot4-sidecar,29,3.03,77.79,1.129,0.082,0.306,0.195
4,continuous,rr,,,,robot4-sidecar,30,1.75,78.43,1.129,0.082,0.313,0.202
4,continuous,rr,,,,robot4-sidecar,31,1.99,78.09,1.129,0.086,0.323,0.21
4,continuous,rr,,,,robot4-sidecar,32,1.72,78.43,1.129,0.086,0.331,0.214
4,continuous,rr,,,,robot4-sidecar,33,2.17,77.95,1.129,0.09,0.344,0.225
4,continuous,rr,,,,robot4-sidecar,34,1.77,77.81,1.129,0.09,0.35,0.228
4,continuous,rr,,,,robot4-sidecar,35,1.87,78.24,1.129,0.094,0.359,0.234
4,continuous,rr,,,,robot4-sidecar,36,1.6,78.37,1.129,0.094,0.366,0.235
4,continuous,rr,,,,robot4-sidecar,37,1.71,78.34,1.129,0.098,0.373,0.238
4,continuous,rr,,,,robot4-sidecar,38,1.79,78.17,1.129,0.098,0.378,0.24
4,continuous,rr,,,,robot4-sidecar,39,2.88,78.76,1.129,0.105,0.386,0.245
4,continuous,rr,,,,robot4-sidecar,40,1.83,78.2,1.129,0.105,0.394,0.252
4,continuous,rr,,,,robot4-sidecar,41,2.01,78.33,1.129,0.109,0.404,0.26
4,continuous,rr,,,,robot4-sidecar,42,1.16,78.8,1.129,0.109,0.411,0.264
4,continuous,rr,,,,robot4-sidecar,43,2.0,78.35,1.129,0.113,0.424,0.274
4,continuous,rr,,,,robot4-sidecar,44,1.34,78.68,1.129,0.113,0.432,0.278
4,continuous,rr,,,,robot4-sidecar,45,1.95,79.52,1.129,0.117,0.441,0.283
4,continuous,rr,,,,robot4-sidecar,46,1.61,80.23,1.129,0.117,0.447,0.285
4,continuous,rr,,,,robot4-sidecar,47,1.67,80.18,1.129,0.121,0.454,0.288
4,continuous,rr,,,,robot4-sidecar,48,1.17,80.25,1.129,0.121,0.459,0.289
4,continuous,rr,,,,robot4-sidecar,49,2.99,78.93,1.129,0.129,0.467,0.295
4,continuous,rr,,,,robot4-sidecar,50,1.88,78.82,1.129,0.129,0.475,0.302
4,continuous,rr,,,,robot4-sidecar,51,2.05,78.94,1.129,0.133,0.485,0.309
4,continuous,rr,,,,robot4-sidecar,52,1.69,79.0,1.129,0.133,0.492,0.313
4,continuous,rr,,,,robot4-sidecar,53,2.04,79.3,1.129,0.137,0.504,0.322
4,continuous,rr,,,,robot4-sidecar,54,1.32,79.26,1.129,0.137,0.511,0.326
4,continuous,rr,,,,robot4-sidecar,55,2.38,79.02,1.129,0.141,0.521,0.331
4,continuous,rr,,,,robot4-sidecar,56,1.66,78.99,1.129,0.141,0.527,0.333
4,continuous,rr,,,,robot4-sidecar,57,1.71,78.98,1.129,0.145,0.534,0.335
4,continuous,rr,,,,robot4-sidecar,58,1.63,78.97,1.129,0.145,0.539,0.337
4,continuous,rr,,,,robot4-sidecar,59,2.74,78.99,1.129,0.152,0.548,0.343
4,continuous,rr,,,,robot4-sidecar,60,1.71,79.44,1.129,0.152,0.556,0.35
4,continuous,rr,,,,robot4-sidecar,61,1.72,78.81,1.129,0.156,0.564,0.356
4,continuous,rr,,,,robot4-sidecar,62,1.77,78.87,1.129,0.156,0.571,0.361
4,continuous,rr,,,,robot4-sidecar,63,2.33,78.96,1.129,0.16,0.585,0.373
4,continuous,rr,,,,robot4-sidecar,64,1.82,78.85,1.129,0.16,0.593,0.377
4,continuous,rr,,,,robot4-sidecar,65,1.82,79.17,1.129,0.164,0.602,0.382
4,continuous,rr,,,,robot4-sidecar,66,1.66,79.0,1.129,0.164,0.608,0.384
4,continuous,rr,,,,robot4-sidecar,67,1.77,79.34,1.129,0.168,0.616,0.387
4,continuous,rr,,,,robot4-sidecar,68,1.69,79.71,1.129,0.168,0.621,0.389
4,continuous,rr,,,,robot4-sidecar,69,3.21,78.93,1.129,0.176,0.629,0.395
4,continuous,rr,,,,robot4-sidecar,70,1.42,78.66,1.129,0.176,0.637,0.402
4,continuous,rr,,,,robot4-sidecar,71,1.85,78.72,1.129,0.18,0.647,0.409
4,continuous,rr,,,,robot4-sidecar,72,1.76,78.66,1.129,0.18,0.655,0.413
4,continuous,rr,,,,robot4-sidecar,73,2.1,78.79,1.129,0.184,0.667,0.423
4,continuous,rr,,,,robot4-sidecar,74,1.71,78.54,1.129,0.184,0.674,0.427
4,continuous,rr,,,,robot4-sidecar,75,1.22,78.52,1.129,0.188,0.683,0.432
4,continuous,rr,,,,robot4-sidecar,76,1.54,78.61,1.129,0.188,0.689,0.434
4,continuous,rr,,,,robot4-sidecar,77,1.71,78.52,1.129,0.191,0.696,0.436
4,continuous,rr,,,,robot4-sidecar,78,1.66,79.04,1.129,0.191,0.702,0.438
4,continuous,rr,,,,robot4-sidecar,79,3.09,78.67,1.129,0.203,0.71,0.445
4,continuous,rr,,,,robot4-sidecar,80,1.74,79.77,1.129,0.203,0.718,0.451
4,continuous,rr,,,,robot4-sidecar,81,1.75,78.42,1.129,0.207,0.728,0.458
4,continuous,rr,,,,robot4-sidecar,82,1.24,78.43,1.129,0.207,0.735,0.463
4,continuous,rr,,,,robot4-sidecar,83,1.94,78.56,1.129,0.211,0.749,0.475
4,continuous,rr,,,,robot4-sidecar,84,1.74,78.86,1.129,0.211,0.757,0.479
4,continuous,rr,,,,robot4-sidecar,85,1.9,80.14,1.129,0.215,0.766,0.484
4,continuous,rr,,,,robot4-sidecar,86,1.69,79.67,1.129,0.215,0.771,0.485
4,continuous,rr,,,,robot4-sidecar,87,1.9,80.11,1.129,0.219,0.778,0.488
4,continuous,rr,,,,robot4-sidecar,88,1.18,80.54,1.129,0.219,0.783,0.49
4,continuous,rr,,,,robot4-sidecar,89,3.12,81.75,1.129,0.23,0.792,0.496
4,continuous,rr,,,,robot4-sidecar,90,1.75,81.13,1.129,0.23,0.8,0.503
4,continuous,rr,,,,robot4-sidecar,92,1.89,81.09,1.129,0.234,0.809,0.51
4,continuous,rr,,,,robot4-sidecar,93,1.67,81.16,1.129,0.234,0.817,0.514
4,continuous,rr,,,,robot4-sidecar,94,2.01,81.25,1.129,0.238,0.831,0.527
4,continuous,rr,,,,robot4-sidecar,95,2.26,80.99,1.129,0.238,0.839,0.531
4,continuous,rr,,,,robot4-sidecar,96,1.34,81.45,1.129,0.242,0.848,0.536
4,continuous,rr,,,,robot4-sidecar,97,1.51,81.14,1.129,0.242,0.854,0.537
4,continuous,rr,,,,robot4-sidecar,98,1.32,80.95,1.129,0.246,0.861,0.54
4,continuous,rr,,,,robot4-sidecar,99,1.58,81.06,1.129,0.246,0.866,0.542
4,continuous,rr,,,,robot4-sidecar,100,2.1,81.15,1.129,0.258,0.875,0.549
4,continuous,rr,,,,robot4-sidecar,101,1.76,81.04,1.129,0.258,0.883,0.555
4,continuous,rr,,,,robot4-sidecar,102,1.29,81.2,1.129,0.262,0.891,0.562
4,continuous,rr,,,,robot4-sidecar,103,1.93,81.05,1.129,0.262,0.899,0.566
4,continuous,rr,,,,robot4-sidecar,104,1.99,81.4,1.129,0.266,0.912,0.576
4,continuous,rr,,,,robot4-sidecar,105,1.28,81.2,1.129,0.266,0.919,0.581
4,continuous,rr,,,,robot4-sidecar,106,1.84,81.84,1.129,0.27,0.928,0.585
4,continuous,rr,,,,robot4-sidecar,107,1.61,81.25,1.129,0.27,0.935,0.587
4,continuous,rr,,,,robot4-sidecar,108,1.68,81.53,1.129,0.273,0.942,0.59
4,continuous,rr,,,,robot4-sidecar,109,1.61,81.95,1.129,0.273,0.947,0.592
4,continuous,rr,,,,robot4-sidecar,110,3.47,78.67,1.129,0.285,0.956,0.599
4,continuous,rr,,,,robot4-sidecar,111,1.81,79.28,1.129,0.285,0.964,0.606
4,continuous,rr,,,,robot4-sidecar,112,2.47,78.92,1.129,0.289,0.974,0.612
4,continuous,rr,,,,robot4-sidecar,113,1.76,78.83,1.129,0.289,0.981,0.616
4,continuous,rr,,,,robot4-sidecar,114,2.35,79.21,1.129,0.293,0.992,0.626
4,continuous,rr,,,,robot4-sidecar,115,1.26,79.12,1.129,0.293,1.0,0.63
4,continuous,rr,,,,robot4-sidecar,116,1.7,79.15,1.129,0.297,1.009,0.635
4,continuous,rr,,,,robot4-sidecar,117,1.95,78.89,1.129,0.297,1.015,0.637
4,continuous,rr,,,,robot4-sidecar,118,1.66,79.33,1.129,0.301,1.023,0.639
4,continuous,rr,,,,robot4-sidecar,119,1.15,78.7,1.129,0.301,1.028,0.641
4,continuous,rr,,,,robot4-sidecar,120,1.74,78.72,1.129,0.305,1.033,0.644
4,continuous,rr,,,,robot4-sidecar,121,1.39,78.74,1.129,0.305,1.033,0.644
4,continuous,rr,,,,robot4-sidecar,122,1.48,78.68,1.129,0.305,1.033,0.644
4,continuous,rr,,,,secaas,0,0.2,62.88,0.391,1.953,0.071,0.092
4,continuous,rr,,,,secaas,1,6.35,62.88,0.391,1.953,0.074,0.096
4,continuous,rr,,,,secaas,2,4.88,62.73,0.391,1.953,0.075,0.099
4,continuous,rr,,,,secaas,3,19.58,62.77,0.391,1.992,0.103,0.132
4,continuous,rr,,,,secaas,4,4.53,62.77,0.391,1.992,0.105,0.134
4,continuous,rr,,,,secaas,5,5.02,62.89,0.391,2.0,0.107,0.137
4,continuous,rr,,,,secaas,6,5.68,62.8,0.391,2.008,0.109,0.14
4,continuous,rr,,,,secaas,7,4.59,62.95,0.391,2.008,0.11,0.143
4,continuous,rr,,,,secaas,8,4.12,62.98,0.391,2.016,0.111,0.145
4,continuous,rr,,,,secaas,9,4.8,62.8,0.391,2.016,0.113,0.148
4,continuous,rr,,,,secaas,10,4.54,62.79,0.391,2.023,0.115,0.151
4,continuous,rr,,,,secaas,11,5.56,63.0,0.391,2.023,0.117,0.154
4,continuous,rr,,,,secaas,12,4.86,62.79,0.391,2.023,0.119,0.156
4,continuous,rr,,,,secaas,13,20.64,62.82,0.391,2.086,0.147,0.189
4,continuous,rr,,,,secaas,14,4.98,62.82,0.391,2.094,0.148,0.192
4,continuous,rr,,,,secaas,15,5.71,62.83,0.391,2.094,0.15,0.195
4,continuous,rr,,,,secaas,16,6.64,62.87,0.391,2.102,0.152,0.197
4,continuous,rr,,,,secaas,17,7.51,63.01,0.391,2.102,0.153,0.2
4,continuous,rr,,,,secaas,18,4.66,62.94,0.391,2.109,0.155,0.203
4,continuous,rr,,,,secaas,19,4.38,63.14,0.391,2.109,0.157,0.205
4,continuous,rr,,,,secaas,20,4.98,62.81,0.391,2.117,0.159,0.208
4,continuous,rr,,,,secaas,21,4.47,63.01,0.391,2.117,0.16,0.211
4,continuous,rr,,,,secaas,22,8.99,62.86,0.391,2.141,0.17,0.222
4,continuous,rr,,,,secaas,23,16.89,62.83,0.391,2.188,0.19,0.246
4,continuous,rr,,,,secaas,24,4.76,62.82,0.391,2.195,0.192,0.249
4,continuous,rr,,,,secaas,25,4.87,62.94,0.391,2.195,0.193,0.252
4,continuous,rr,,,,secaas,26,4.6,62.84,0.391,2.203,0.195,0.254
4,continuous,rr,,,,secaas,27,4.88,62.88,0.391,2.203,0.197,0.257
4,continuous,rr,,,,secaas,28,4.86,62.87,0.391,2.211,0.199,0.26
4,continuous,rr,,,,secaas,29,4.59,62.86,0.391,2.211,0.2,0.262
4,continuous,rr,,,,secaas,30,4.98,62.81,0.391,2.219,0.202,0.265
4,continuous,rr,,,,secaas,31,4.72,63.02,0.391,2.219,0.204,0.268
4,continuous,rr,,,,secaas,32,11.54,62.85,0.391,2.273,0.218,0.285
4,continuous,rr,,,,secaas,33,15.92,63.02,0.391,2.32,0.233,0.303
4,continuous,rr,,,,secaas,34,4.71,62.84,0.391,2.328,0.235,0.306
4,continuous,rr,,,,secaas,35,4.57,62.96,0.391,2.328,0.237,0.309
4,continuous,rr,,,,secaas,36,4.69,62.83,0.391,2.336,0.239,0.312
4,continuous,rr,,,,secaas,37,4.51,63.04,0.391,2.336,0.24,0.314
4,continuous,rr,,,,secaas,38,4.35,62.85,0.391,2.344,0.242,0.317
4,continuous,rr,,,,secaas,39,4.69,63.19,0.391,2.344,0.244,0.32
4,continuous,rr,,,,secaas,40,4.34,62.82,0.391,2.352,0.246,0.323
4,continuous,rr,,,,secaas,41,4.51,62.98,0.391,2.352,0.247,0.325
4,continuous,rr,,,,secaas,42,14.48,62.84,0.391,2.438,0.265,0.347
4,continuous,rr,,,,secaas,43,11.02,62.91,0.391,2.469,0.277,0.361
4,continuous,rr,,,,secaas,44,4.52,62.91,0.391,2.477,0.279,0.364
4,continuous,rr,,,,secaas,45,4.56,62.84,0.391,2.477,0.28,0.366
4,continuous,rr,,,,secaas,46,4.68,62.84,0.391,2.484,0.282,0.369
4,continuous,rr,,,,secaas,47,4.32,62.96,0.391,2.484,0.284,0.372
4,continuous,rr,,,,secaas,48,4.8,62.88,0.391,2.492,0.286,0.375
4,continuous,rr,,,,secaas,49,4.7,62.93,0.391,2.492,0.287,0.377
4,continuous,rr,,,,secaas,50,4.65,62.83,0.391,2.5,0.289,0.38
4,continuous,rr,,,,secaas,51,4.78,63.01,0.391,2.5,0.291,0.383
4,continuous,rr,,,,secaas,52,17.5,62.88,0.391,2.633,0.315,0.412
4,continuous,rr,,,,secaas,53,6.99,63.19,0.391,2.633,0.32,0.418
4,continuous,rr,,,,secaas,54,4.99,62.91,0.391,2.641,0.322,0.421
4,continuous,rr,,,,secaas,55,4.77,62.96,0.391,2.641,0.324,0.423
4,continuous,rr,,,,secaas,56,5.95,62.83,0.391,2.648,0.325,0.426
4,continuous,rr,,,,secaas,57,4.15,63.05,0.391,2.648,0.327,0.429
4,continuous,rr,,,,secaas,58,4.93,62.86,0.391,2.656,0.329,0.432
4,continuous,rr,,,,secaas,59,4.11,63.08,0.391,2.656,0.331,0.434
4,continuous,rr,,,,secaas,60,4.87,62.97,0.391,2.664,0.333,0.437
4,continuous,rr,,,,secaas,61,4.45,62.96,0.391,2.664,0.334,0.44
4,continuous,rr,,,,secaas,62,19.73,62.92,0.391,2.828,0.358,0.469
4,continuous,rr,,,,secaas,63,7.48,63.02,0.391,2.828,0.364,0.475
4,continuous,rr,,,,secaas,64,4.75,63.04,0.391,2.836,0.366,0.479
4,continuous,rr,,,,secaas,65,4.49,62.87,0.391,2.836,0.367,0.48
4,continuous,rr,,,,secaas,66,4.82,62.88,0.391,2.844,0.369,0.484
4,continuous,rr,,,,secaas,67,4.41,63.06,0.391,2.844,0.37,0.486
4,continuous,rr,,,,secaas,68,4.77,62.93,0.391,2.852,0.372,0.489
4,continuous,rr,,,,secaas,69,4.37,63.0,0.391,2.852,0.374,0.491
4,continuous,rr,,,,secaas,70,4.93,62.86,0.391,2.859,0.376,0.495
4,continuous,rr,,,,secaas,71,4.58,62.87,0.391,2.859,0.378,0.497
4,continuous,rr,,,,secaas,72,19.77,63.3,0.391,3.039,0.405,0.53
4,continuous,rr,,,,secaas,73,4.76,63.06,0.391,3.039,0.407,0.533
4,continuous,rr,,,,secaas,74,4.81,62.94,0.391,3.047,0.409,0.536
4,continuous,rr,,,,secaas,75,4.32,62.91,0.391,3.047,0.41,0.538
4,continuous,rr,,,,secaas,76,4.79,63.02,0.391,3.055,0.412,0.541
4,continuous,rr,,,,secaas,77,4.19,62.95,0.391,3.055,0.414,0.543
4,continuous,rr,,,,secaas,78,4.61,62.95,0.391,3.062,0.416,0.546
4,continuous,rr,,,,secaas,79,4.21,62.96,0.391,3.062,0.417,0.549
4,continuous,rr,,,,secaas,80,5.1,62.89,0.391,3.07,0.419,0.552
4,continuous,rr,,,,secaas,81,4.88,63.02,0.391,3.07,0.421,0.554
4,continuous,rr,,,,secaas,82,19.83,63.04,0.391,3.266,0.449,0.587
4,continuous,rr,,,,secaas,83,4.4,63.11,0.391,3.266,0.45,0.59
4,continuous,rr,,,,secaas,84,4.75,62.92,0.391,3.273,0.452,0.593
4,continuous,rr,,,,secaas,85,4.35,63.07,0.391,3.273,0.454,0.595
4,continuous,rr,,,,secaas,86,5.88,62.91,0.391,3.281,0.456,0.598
4,continuous,rr,,,,secaas,87,4.23,63.0,0.391,3.281,0.458,0.601
4,continuous,rr,,,,secaas,88,4.69,63.12,0.391,3.289,0.459,0.604
4,continuous,rr,,,,secaas,89,4.24,63.12,0.391,3.289,0.461,0.606
4,continuous,rr,,,,secaas,90,4.58,62.96,0.391,3.297,0.463,0.609
4,continuous,rr,,,,secaas,91,4.55,63.04,0.391,3.297,0.464,0.611
4,continuous,rr,,,,secaas,92,20.46,63.1,0.391,3.523,0.492,0.645
4,continuous,rr,,,,secaas,93,4.38,63.1,0.391,3.523,0.494,0.647
4,continuous,rr,,,,secaas,94,4.53,62.96,0.391,3.531,0.496,0.65
4,continuous,rr,,,,secaas,95,4.49,63.05,0.391,3.531,0.497,0.653
4,continuous,rr,,,,secaas,96,4.71,62.92,0.391,3.539,0.499,0.656
4,continuous,rr,,,,secaas,97,4.05,62.98,0.391,3.539,0.501,0.658
4,continuous,rr,,,,secaas,98,4.23,63.02,0.391,3.547,0.503,0.661
4,continuous,rr,,,,secaas,99,4.11,63.22,0.391,3.547,0.504,0.664
4,continuous,rr,,,,secaas,100,4.58,62.93,0.391,3.555,0.506,0.667
4,continuous,rr,,,,secaas,101,4.48,63.06,0.391,3.555,0.508,0.669
4,continuous,rr,,,,secaas,102,18.97,62.95,0.391,3.797,0.533,0.7
4,continuous,rr,,,,secaas,103,8.04,63.12,0.391,3.797,0.538,0.705
4,continuous,rr,,,,secaas,104,4.69,63.07,0.391,3.805,0.539,0.707
4,continuous,rr,,,,secaas,105,4.56,63.1,0.391,3.805,0.541,0.71
4,continuous,rr,,,,secaas,106,5.06,62.95,0.391,3.812,0.543,0.713
4,continuous,rr,,,,secaas,107,4.89,63.11,0.391,3.812,0.544,0.715
4,continuous,rr,,,,secaas,108,4.68,63.0,0.391,3.82,0.546,0.718
4,continuous,rr,,,,secaas,109,4.3,63.04,0.391,3.82,0.548,0.721
4,continuous,rr,,,,secaas,110,4.74,62.99,0.391,3.828,0.55,0.724
4,continuous,rr,,,,secaas,111,4.45,62.96,0.391,3.828,0.551,0.726
4,continuous,rr,,,,secaas,112,20.38,63.11,0.391,4.086,0.579,0.76
4,continuous,rr,,,,secaas,113,4.6,63.16,0.391,4.086,0.581,0.762
4,continuous,rr,,,,secaas,114,5.17,63.0,0.391,4.094,0.583,0.765
4,continuous,rr,,,,secaas,115,4.45,63.05,0.391,4.094,0.585,0.768
4,continuous,rr,,,,secaas,116,4.62,63.09,0.391,4.102,0.586,0.771
4,continuous,rr,,,,secaas,117,3.86,63.16,0.391,4.102,0.588,0.773
4,continuous,rr,,,,secaas,118,4.69,63.13,0.391,4.109,0.59,0.776
4,continuous,rr,,,,secaas,119,4.03,63.2,0.391,4.109,0.591,0.778
4,continuous,rr,,,,secaas,120,4.92,62.97,0.391,4.18,0.594,0.781
4,continuous,rr,,,,secaas,121,3.05,62.95,0.391,4.18,0.594,0.781
4,continuous,rr,,,,secaas,122,3.12,62.97,0.391,4.18,0.594,0.781
