participant,role,step,duration_s,run,attestation_id
Robot1,Verifier,blockchain_read,0.218,3,attestation7698106535341
Robot1,Verifier,blockchain_read,0.109,3,attestation7698106731910
Robot1,Verifier,blockchain_read,0.18,4,attestation7698108137617
Robot1,Verifier,blockchain_read,0.012,4,attestation7698108136130
Robot1,Verifier,blockchain_read,0.042,4,attestation7698108328024
Robot1,Verifier,blockchain_read,0.091,4,attestation7698108506549
Robot1,Verifier,blockchain_read,0.099,4,attestation7698108693412
Robot1,Verifier,blockchain_read,0.101,4,attestation7698108875923
Robot1,Verifier,blockchain_read,0.176,4,attestation7698108885036
Robot1,Verifier,blockchain_read,0.19,5,attestation7698109741681
Robot1,Verifier,blockchain_read,0.096,5,attestation7698109925951
Robot1,Verifier,blockchain_read,0.093,5,attestation7698110105156
Robot1,Verifier,blockchain_read,0.017,5,attestation7698110098808
Robot1,Verifier,blockchain_read,0.112,5,attestation7698110479331
Robot1,Verifier,blockchain_read,0.012,5,attestation7698110469877
Robot1,Verifier,blockchain_read,0.113,6,attestation7698111333827
Robot1,Verifier,blockchain_read,0.089,6,attestation7698111511227
Robot1,Verifier,blockchain_read,0.11,6,attestation7698111701498
Robot1,Verifier,blockchain_read,0.078,6,attestation7698111708295
Robot1,Verifier,blockchain_read,0.089,6,attestation7698112062832
Robot1,Verifier,blockchain_read,0.294,7,attestation7698112936495
Robot1,Verifier,blockchain_read,0.113,7,attestation7698113128831
Robot1,Verifier,blockchain_read,0.089,7,attestation7698113308444
Robot1,Verifier,blockchain_read,0.10300000000000001,7,attestation7698113482245
Robot1,Verifier,blockchain_read,0.109,8,attestation7698114539646
Robot1,Verifier,blockchain_read,0.19,8,attestation7698114716801
Robot1,Verifier,blockchain_read,0.082,8,attestation7698115095352
Robot1,Verifier,blockchain_read,0.107,8,attestation7698115277818
Robot1,Verifier,blockchain_read,0.012,8,attestation7698115272835
Robot1,Verifier,blockchain_read,0.093,8,attestation7698115262529
Robot1,Verifier,blockchain_read,0.10300000000000001,9,attestation7698116138677
Robot1,Verifier,blockchain_read,0.296,9,attestation7698116313200
Robot1,Verifier,blockchain_read,0.08600000000000001,9,attestation7698116328083
Robot1,Verifier,blockchain_read,0.083,9,attestation7698116686018
Robot1,Verifier,blockchain_read,0.176,9,attestation7698116873701
Robot1,Verifier,blockchain_read,0.094,10,attestation7698117739319
Robot1,Verifier,blockchain_read,0.015,10,attestation7698117912236
Robot1,Verifier,blockchain_read,0.035,10,attestation7698117913810
Robot1,Verifier,blockchain_read,0.146,10,attestation7698118283183
Robot1,Verifier,blockchain_read,0.253,10,attestation7698118479733
Robot1,Verifier,blockchain_read,0.181,11,attestation7698119333456
Robot1,Verifier,blockchain_read,0.015,11,attestation7698119519219
Robot1,Verifier,blockchain_read,0.123,11,attestation7698119888628
Robot1,Verifier,blockchain_read,0.097,11,attestation7698120071768
Robot1,Verifier,blockchain_read,0.01,11,attestation7698120071816
Robot1,Verifier,total_verifier,0.317,3,attestation7698106535341
Robot1,Verifier,total_verifier,0.187,3,attestation7698106731910
Robot1,Verifier,total_verifier,0.221,4,attestation7698108137617
Robot1,Verifier,total_verifier,0.41400000000000003,4,attestation7698108136130
Robot1,Verifier,total_verifier,0.123,4,attestation7698108328024
Robot1,Verifier,total_verifier,0.116,4,attestation7698108506549
Robot1,Verifier,total_verifier,0.196,4,attestation7698108693412
Robot1,Verifier,total_verifier,0.162,4,attestation7698108875923
Robot1,Verifier,total_verifier,0.323,4,attestation7698108885036
Robot1,Verifier,total_verifier,0.27,5,attestation7698109741681
Robot1,Verifier,total_verifier,0.199,5,attestation7698109925951
Robot1,Verifier,total_verifier,0.276,5,attestation7698110105156
Robot1,Verifier,total_verifier,0.419,5,attestation7698110098808
Robot1,Verifier,total_verifier,0.259,5,attestation7698110479331
Robot1,Verifier,total_verifier,0.622,5,attestation7698110469877
Robot1,Verifier,total_verifier,0.201,6,attestation7698111333827
Robot1,Verifier,total_verifier,0.28400000000000003,6,attestation7698111511227
Robot1,Verifier,total_verifier,0.23,6,attestation7698111701498
Robot1,Verifier,total_verifier,0.497,6,attestation7698111708295
Robot1,Verifier,total_verifier,0.383,6,attestation7698112062832
Robot1,Verifier,total_verifier,0.386,7,attestation7698112936495
Robot1,Verifier,total_verifier,0.183,7,attestation7698113128831
Robot1,Verifier,total_verifier,0.179,7,attestation7698113308444
Robot1,Verifier,total_verifier,0.20500000000000002,7,attestation7698113482245
Robot1,Verifier,total_verifier,0.198,8,attestation7698114539646
Robot1,Verifier,total_verifier,0.23900000000000002,8,attestation7698114716801
Robot1,Verifier,total_verifier,0.177,8,attestation7698115095352
Robot1,Verifier,total_verifier,0.262,8,attestation7698115277818
Robot1,Verifier,total_verifier,0.593,8,attestation7698115272835
Robot1,Verifier,total_verifier,0.717,8,attestation7698115262529
Robot1,Verifier,total_verifier,0.281,9,attestation7698116138677
Robot1,Verifier,total_verifier,0.387,9,attestation7698116313200
Robot1,Verifier,total_verifier,0.159,9,attestation7698116328083
Robot1,Verifier,total_verifier,0.101,9,attestation7698116686018
Robot1,Verifier,total_verifier,0.292,9,attestation7698116873701
Robot1,Verifier,total_verifier,0.11800000000000001,10,attestation7698117739319
Robot1,Verifier,total_verifier,0.109,10,attestation7698117912236
Robot1,Verifier,total_verifier,0.153,10,attestation7698117913810
Robot1,Verifier,total_verifier,0.298,10,attestation7698118283183
Robot1,Verifier,total_verifier,0.272,10,attestation7698118479733
Robot1,Verifier,total_verifier,0.297,11,attestation7698119333456
Robot1,Verifier,total_verifier,0.098,11,attestation7698119519219
Robot1,Verifier,total_verifier,0.209,11,attestation7698119888628
Robot1,Verifier,total_verifier,0.132,11,attestation7698120071768
Robot1,Verifier,total_verifier,0.728,11,attestation7698120071816
Robot1,Verifier,verification_logic,0.0,3,attestation7698106535341
Robot1,Verifier,verification_logic,0.0,3,attestation7698106731910
Robot1,Verifier,verification_logic,0.0,4,attestation7698108137617
Robot1,Verifier,verification_logic,0.0,4,attestation7698108136130
Robot1,Verifier,verification_logic,0.0,4,attestation7698108328024
Robot1,Verifier,verification_logic,0.0,4,attestation7698108506549
Robot1,Verifier,verification_logic,0.0,4,attestation7698108693412
Robot1,Verifier,verification_logic,0.0,4,attestation7698108875923
Robot1,Verifier,verification_logic,0.0,4,attestation7698108885036
Robot1,Verifier,verification_logic,0.0,5,attestation7698109741681
Robot1,Verifier,verification_logic,0.0,5,attestation7698109925951
Robot1,Verifier,verification_logic,0.0,5,attestation7698110105156
Robot1,Verifier,verification_logic,0.0,5,attestation7698110098808
Robot1,Verifier,verification_logic,0.0,5,attestation7698110479331
Robot1,Verifier,verification_logic,0.0,5,attestation7698110469877
Robot1,Verifier,verification_logic,0.0,6,attestation7698111333827
Robot1,Verifier,verification_logic,0.0,6,attestation7698111511227
Robot1,Verifier,verification_logic,0.0,6,attestation7698111701498
Robot1,Verifier,verification_logic,0.0,6,attestation7698111708295
Robot1,Verifier,verification_logic,0.0,6,attestation7698112062832
Robot1,Verifier,verification_logic,0.0,7,attestation7698112936495
Robot1,Verifier,verification_logic,0.0,7,attestation7698113128831
Robot1,Verifier,verification_logic,0.0,7,attestation7698113308444
Robot1,Verifier,verification_logic,0.0,7,attestation7698113482245
Robot1,Verifier,verification_logic,0.0,8,attestation7698114539646
Robot1,Verifier,verification_logic,0.0,8,attestation7698114716801
Robot1,Verifier,verification_logic,0.0,8,attestation7698115095352
Robot1,Verifier,verification_logic,0.0,8,attestation7698115277818
Robot1,Verifier,verification_logic,0.0,8,attestation7698115272835
Robot1,Verifier,verification_logic,0.0,8,attestation7698115262529
Robot1,Verifier,verification_logic,0.0,9,attestation7698116138677
Robot1,Verifier,verification_logic,0.0,9,attestation7698116313200
Robot1,Verifier,verification_logic,0.0,9,attestation7698116328083
Robot1,Verifier,verification_logic,0.0,9,attestation7698116686018
Robot1,Verifier,verification_logic,0.0,9,attestation7698116873701
Robot1,Verifier,verification_logic,0.0,10,attestation7698117739319
Robot1,Verifier,verification_logic,0.0,10,attestation7698117912236
Robot1,Verifier,verification_logic,0.0,10,attestation7698117913810
Robot1,Verifier,verification_logic,0.0,10,attestation7698118283183
Robot1,Verifier,verification_logic,0.0,10,attestation7698118479733
Robot1,Verifier,verification_logic,0.0,11,attestation7698119333456
Robot1,Verifier,verification_logic,0.0,11,attestation7698119519219
Robot1,Verifier,verification_logic,0.0,11,attestation7698119888628
Robot1,Verifier,verification_logic,0.0,11,attestation7698120071768
Robot1,Verifier,verification_logic,0.0,11,attestation7698120071816
Robot2,Verifier,blockchain_read,0.20800000000000002,3,attestation7698106549843
Robot2,Verifier,blockchain_read,0.10200000000000001,3,attestation7698106917980
Robot2,Verifier,blockchain_read,0.195,3,attestation7698107099833
Robot2,Verifier,blockchain_read,0.012,3,attestation7698107101280
Robot2,Verifier,blockchain_read,0.097,3,attestation7698107287063
Robot2,Verifier,blockchain_read,0.11900000000000001,4,attestation7698108139099
Robot2,Verifier,blockchain_read,0.094,4,attestation7698108324686
Robot2,Verifier,blockchain_read,0.095,4,attestation7698108686837
Robot2,Verifier,blockchain_read,0.098,4,attestation7698108877035
Robot2,Verifier,blockchain_read,0.08700000000000001,5,attestation7698109735480
Robot2,Verifier,blockchain_read,0.017,5,attestation7698109732182
Robot2,Verifier,blockchain_read,0.158,5,attestation7698109927907
Robot2,Verifier,blockchain_read,0.094,5,attestation7698110109386
Robot2,Verifier,blockchain_read,0.109,5,attestation7698110289613
Robot2,Verifier,blockchain_read,0.082,5,attestation7698110482613
Robot2,Verifier,blockchain_read,0.106,6,attestation7698111335268
Robot2,Verifier,blockchain_read,0.023,6,attestation7698111334127
Robot2,Verifier,blockchain_read,0.038,6,attestation7698111527899
Robot2,Verifier,blockchain_read,0.113,6,attestation7698111709170
Robot2,Verifier,blockchain_read,0.10300000000000001,6,attestation7698111894307
Robot2,Verifier,blockchain_read,0.017,6,attestation7698111885044
Robot2,Verifier,blockchain_read,0.092,7,attestation7698112933623
Robot2,Verifier,blockchain_read,0.10200000000000001,7,attestation7698113111363
Robot2,Verifier,blockchain_read,0.18,7,attestation7698113309938
Robot2,Verifier,blockchain_read,0.027,7,attestation7698113499247
Robot2,Verifier,blockchain_read,0.014,7,attestation7698113489574
Robot2,Verifier,blockchain_read,0.125,7,attestation7698113678019
Robot2,Verifier,blockchain_read,0.099,8,attestation7698114537451
Robot2,Verifier,blockchain_read,0.02,8,attestation7698114532198
Robot2,Verifier,blockchain_read,0.109,8,attestation7698114722707
Robot2,Verifier,blockchain_read,0.107,8,attestation7698114907022
Robot2,Verifier,blockchain_read,0.08700000000000001,8,attestation7698115084460
Robot2,Verifier,blockchain_read,0.198,8,attestation7698115087667
Robot2,Verifier,blockchain_read,0.17400000000000002,8,attestation7698115271287
Robot2,Verifier,blockchain_read,0.121,9,attestation7698116139662
Robot2,Verifier,blockchain_read,0.081,9,attestation7698116135465
Robot2,Verifier,blockchain_read,0.018000000000000002,9,attestation7698116315790
Robot2,Verifier,blockchain_read,0.20600000000000002,9,attestation7698116501890
Robot2,Verifier,blockchain_read,0.092,9,attestation7698116688099
Robot2,Verifier,blockchain_read,0.28200000000000003,9,attestation7698116682783
Robot2,Verifier,blockchain_read,0.095,9,attestation7698116865989
Robot2,Verifier,blockchain_read,0.098,10,attestation7698117737686
Robot2,Verifier,blockchain_read,0.012,10,attestation7698117733622
Robot2,Verifier,blockchain_read,0.094,10,attestation7698118105101
Robot2,Verifier,blockchain_read,0.084,10,attestation7698118288701
Robot2,Verifier,blockchain_read,0.079,10,attestation7698118281688
Robot2,Verifier,blockchain_read,0.22,10,attestation7698118464676
Robot2,Verifier,blockchain_read,0.11,11,attestation7698119331191
Robot2,Verifier,blockchain_read,0.014,11,attestation7698119336391
Robot2,Verifier,blockchain_read,0.105,11,attestation7698119701152
Robot2,Verifier,blockchain_read,0.098,11,attestation7698119899078
Robot2,Verifier,blockchain_read,0.011,11,attestation7698119889976
Robot2,Verifier,blockchain_read,0.025,11,attestation7698120079975
Robot2,Verifier,total_verifier,0.358,3,attestation7698106549843
Robot2,Verifier,total_verifier,0.214,3,attestation7698106917980
Robot2,Verifier,total_verifier,0.312,3,attestation7698107099833
Robot2,Verifier,total_verifier,0.12,3,attestation7698107101280
Robot2,Verifier,total_verifier,0.2,3,attestation7698107287063
Robot2,Verifier,total_verifier,0.311,4,attestation7698108139099
Robot2,Verifier,total_verifier,0.273,4,attestation7698108324686
Robot2,Verifier,total_verifier,0.304,4,attestation7698108686837
Robot2,Verifier,total_verifier,0.295,4,attestation7698108877035
Robot2,Verifier,total_verifier,0.137,5,attestation7698109735480
Robot2,Verifier,total_verifier,0.178,5,attestation7698109732182
Robot2,Verifier,total_verifier,0.181,5,attestation7698109927907
Robot2,Verifier,total_verifier,0.117,5,attestation7698110109386
Robot2,Verifier,total_verifier,0.147,5,attestation7698110289613
Robot2,Verifier,total_verifier,0.107,5,attestation7698110482613
Robot2,Verifier,total_verifier,0.17200000000000001,6,attestation7698111335268
Robot2,Verifier,total_verifier,0.082,6,attestation7698111334127
Robot2,Verifier,total_verifier,0.182,6,attestation7698111527899
Robot2,Verifier,total_verifier,0.28700000000000003,6,attestation7698111709170
Robot2,Verifier,total_verifier,0.127,6,attestation7698111894307
Robot2,Verifier,total_verifier,0.222,6,attestation7698111885044
Robot2,Verifier,total_verifier,0.124,7,attestation7698112933623
Robot2,Verifier,total_verifier,0.277,7,attestation7698113111363
Robot2,Verifier,total_verifier,0.20600000000000002,7,attestation7698113309938
Robot2,Verifier,total_verifier,0.133,7,attestation7698113499247
Robot2,Verifier,total_verifier,0.219,7,attestation7698113489574
Robot2,Verifier,total_verifier,0.394,7,attestation7698113678019
Robot2,Verifier,total_verifier,0.209,8,attestation7698114537451
Robot2,Verifier,total_verifier,0.317,8,attestation7698114532198
Robot2,Verifier,total_verifier,0.32,8,attestation7698114722707
Robot2,Verifier,total_verifier,0.20400000000000001,8,attestation7698114907022
Robot2,Verifier,total_verifier,0.152,8,attestation7698115084460
Robot2,Verifier,total_verifier,0.5730000000000001,8,attestation7698115087667
Robot2,Verifier,total_verifier,0.281,8,attestation7698115271287
Robot2,Verifier,total_verifier,0.224,9,attestation7698116139662
Robot2,Verifier,total_verifier,0.276,9,attestation7698116135465
Robot2,Verifier,total_verifier,0.113,9,attestation7698116315790
Robot2,Verifier,total_verifier,0.308,9,attestation7698116501890
Robot2,Verifier,total_verifier,0.178,9,attestation7698116688099
Robot2,Verifier,total_verifier,0.494,9,attestation7698116682783
Robot2,Verifier,total_verifier,0.203,9,attestation7698116865989
Robot2,Verifier,total_verifier,0.14100000000000001,10,attestation7698117737686
Robot2,Verifier,total_verifier,0.417,10,attestation7698117733622
Robot2,Verifier,total_verifier,0.20800000000000002,10,attestation7698118105101
Robot2,Verifier,total_verifier,0.111,10,attestation7698118288701
Robot2,Verifier,total_verifier,0.11,10,attestation7698118281688
Robot2,Verifier,total_verifier,0.38,10,attestation7698118464676
Robot2,Verifier,total_verifier,0.145,11,attestation7698119331191
Robot2,Verifier,total_verifier,0.171,11,attestation7698119336391
Robot2,Verifier,total_verifier,0.133,11,attestation7698119701152
Robot2,Verifier,total_verifier,0.165,11,attestation7698119899078
Robot2,Verifier,total_verifier,0.214,11,attestation7698119889976
Robot2,Verifier,total_verifier,0.125,11,attestation7698120079975
Robot2,Verifier,verification_logic,0.0,3,attestation7698106549843
Robot2,Verifier,verification_logic,0.0,3,attestation7698106917980
Robot2,Verifier,verification_logic,0.0,3,attestation7698107099833
Robot2,Verifier,verification_logic,0.0,3,attestation7698107101280
Robot2,Verifier,verification_logic,0.0,3,attestation7698107287063
Robot2,Verifier,verification_logic,0.0,4,attestation7698108139099
Robot2,Verifier,verification_logic,0.0,4,attestation7698108324686
Robot2,Verifier,verification_logic,0.0,4,attestation7698108686837
Robot2,Verifier,verification_logic,0.0,4,attestation7698108877035
Robot2,Verifier,verification_logic,0.0,5,attestation7698109735480
Robot2,Verifier,verification_logic,0.0,5,attestation7698109732182
Robot2,Verifier,verification_logic,0.0,5,attestation7698109927907
Robot2,Verifier,verification_logic,0.0,5,attestation7698110109386
Robot2,Verifier,verification_logic,0.0,5,attestation7698110289613
Robot2,Verifier,verification_logic,0.0,5,attestation7698110482613
Robot2,Verifier,verification_logic,0.0,6,attestation7698111335268
Robot2,Verifier,verification_logic,0.0,6,attestation7698111334127
Robot2,Verifier,verification_logic,0.0,6,attestation7698111527899
Robot2,Verifier,verification_logic,0.0,6,attestation7698111709170
Robot2,Verifier,verification_logic,0.0,6,attestation7698111894307
Robot2,Verifier,verification_logic,0.0,6,attestation7698111885044
Robot2,Verifier,verification_logic,0.0,7,attestation7698112933623
Robot2,Verifier,verification_logic,0.0,7,attestation7698113111363
Robot2,Verifier,verification_logic,0.0,7,attestation7698113309938
Robot2,Verifier,verification_logic,0.0,7,attestation7698113499247
Robot2,Verifier,verification_logic,0.0,7,attestation7698113489574
Robot2,Verifier,verification_logic,0.0,7,attestation7698113678019
Robot2,Verifier,verification_logic,0.0,8,attestation7698114537451
Robot2,Verifier,verification_logic,0.0,8,attestation7698114532198
Robot2,Verifier,verification_logic,0.0,8,attestation7698114722707
Robot2,Verifier,verification_logic,0.0,8,attestation7698114907022
Robot2,Verifier,verification_logic,0.0,8,attestation7698115084460
Robot2,Verifier,verification_logic,0.0,8,attestation7698115087667
Robot2,Verifier,verification_logic,0.0,8,attestation7698115271287
Robot2,Verifier,verification_logic,0.0,9,attestation7698116139662
Robot2,Verifier,verification_logic,0.0,9,attestation7698116135465
Robot2,Verifier,verification_logic,0.0,9,attestation7698116315790
Robot2,Verifier,verification_logic,0.0,9,attestation7698116501890
Robot2,Verifier,verification_logic,0.0,9,attestation7698116688099
Robot2,Verifier,verification_logic,0.0,9,attestation7698116682783
Robot2,Verifier,verification_logic,0.0,9,attestation7698116865989
Robot2,Verifier,verification_logic,0.0,10,attestation7698117737686
Robot2,Verifier,verification_logic,0.0,10,attestation7698117733622
Robot2,Verifier,verification_logic,0.0,10,attestation7698118105101
Robot2,Verifier,verification_logic,0.0,10,attestation7698118288701
Robot2,Verifier,verification_logic,0.0,10,attestation7698118281688
Robot2,Verifier,verification_logic,0.0,10,attestation7698118464676
Robot2,Verifier,verification_logic,0.0,11,attestation7698119331191
Robot2,Verifier,verification_logic,0.0,11,attestation7698119336391
Robot2,Verifier,verification_logic,0.0,11,attestation7698119701152
Robot2,Verifier,verification_logic,0.0,11,attestation7698119899078
Robot2,Verifier,verification_logic,0.0,11,attestation7698119889976
Robot2,Verifier,verification_logic,0.0,11,attestation7698120079975
Robot3,Verifier,blockchain_read,0.146,3,attestation7698106724044
Robot3,Verifier,blockchain_read,0.096,3,attestation7698106914801
Robot3,Verifier,blockchain_read,0.078,3,attestation7698106903251
Robot3,Verifier,blockchain_read,0.091,3,attestation7698107083181
Robot3,Verifier,blockchain_read,0.135,3,attestation7698107274751
Robot3,Verifier,blockchain_read,0.165,4,attestation7698108328608
Robot3,Verifier,blockchain_read,0.027,4,attestation7698108518494
Robot3,Verifier,blockchain_read,0.17400000000000002,4,attestation7698108683300
Robot3,Verifier,blockchain_read,0.084,4,attestation7698108875658
Robot3,Verifier,blockchain_read,0.101,5,attestation7698109731486
Robot3,Verifier,blockchain_read,0.1,5,attestation7698109921254
Robot3,Verifier,blockchain_read,0.106,5,attestation7698110108396
Robot3,Verifier,blockchain_read,0.098,5,attestation7698110294606
Robot3,Verifier,blockchain_read,0.178,6,attestation7698111335183
Robot3,Verifier,blockchain_read,0.1,6,attestation7698111524945
Robot3,Verifier,blockchain_read,0.083,6,attestation7698111704807
Robot3,Verifier,blockchain_read,0.019,6,attestation7698111887141
Robot3,Verifier,blockchain_read,0.185,6,attestation7698112071001
Robot3,Verifier,blockchain_read,0.08700000000000001,7,attestation7698112938752
Robot3,Verifier,blockchain_read,0.107,7,attestation7698113129265
Robot3,Verifier,blockchain_read,0.098,7,attestation7698113303278
Robot3,Verifier,blockchain_read,0.014,7,attestation7698113307129
Robot3,Verifier,blockchain_read,0.169,7,attestation7698113483342
Robot3,Verifier,blockchain_read,0.27,7,attestation7698113676400
Robot3,Verifier,blockchain_read,0.115,8,attestation7698114538338
Robot3,Verifier,blockchain_read,0.1,8,attestation7698114729876
Robot3,Verifier,blockchain_read,0.136,8,attestation7698114906927
Robot3,Verifier,blockchain_read,0.016,8,attestation7698114906774
Robot3,Verifier,blockchain_read,0.111,8,attestation7698115088451
Robot3,Verifier,blockchain_read,0.11900000000000001,9,attestation7698116131017
Robot3,Verifier,blockchain_read,0.022,9,attestation7698116502086
Robot3,Verifier,blockchain_read,0.018000000000000002,9,attestation7698116499543
Robot3,Verifier,blockchain_read,0.177,9,attestation7698116681277
Robot3,Verifier,blockchain_read,0.101,9,attestation7698116863095
Robot3,Verifier,blockchain_read,0.18,10,attestation7698117738521
Robot3,Verifier,blockchain_read,0.169,10,attestation7698118107386
Robot3,Verifier,blockchain_read,0.019,10,attestation7698118094782
Robot3,Verifier,blockchain_read,0.084,10,attestation7698118281505
Robot3,Verifier,blockchain_read,0.085,10,attestation7698118469267
Robot3,Verifier,blockchain_read,0.1,11,attestation7698119337528
Robot3,Verifier,blockchain_read,0.188,11,attestation7698119526967
Robot3,Verifier,blockchain_read,0.091,11,attestation7698119703911
Robot3,Verifier,blockchain_read,0.02,11,attestation7698119707130
Robot3,Verifier,blockchain_read,0.08,11,attestation7698119889163
Robot3,Verifier,total_verifier,0.223,3,attestation7698106724044
Robot3,Verifier,total_verifier,0.20800000000000002,3,attestation7698106914801
Robot3,Verifier,total_verifier,0.399,3,attestation7698106903251
Robot3,Verifier,total_verifier,0.191,3,attestation7698107083181
Robot3,Verifier,total_verifier,0.405,3,attestation7698107274751
Robot3,Verifier,total_verifier,0.262,4,attestation7698108328608
Robot3,Verifier,total_verifier,0.083,4,attestation7698108518494
Robot3,Verifier,total_verifier,0.197,4,attestation7698108683300
Robot3,Verifier,total_verifier,0.403,4,attestation7698108875658
Robot3,Verifier,total_verifier,0.189,5,attestation7698109731486
Robot3,Verifier,total_verifier,0.202,5,attestation7698109921254
Robot3,Verifier,total_verifier,0.194,5,attestation7698110108396
Robot3,Verifier,total_verifier,0.309,5,attestation7698110294606
Robot3,Verifier,total_verifier,0.281,6,attestation7698111335183
Robot3,Verifier,total_verifier,0.218,6,attestation7698111524945
Robot3,Verifier,total_verifier,0.197,6,attestation7698111704807
Robot3,Verifier,total_verifier,0.196,6,attestation7698111887141
Robot3,Verifier,total_verifier,0.28600000000000003,6,attestation7698112071001
Robot3,Verifier,total_verifier,0.369,7,attestation7698112938752
Robot3,Verifier,total_verifier,0.194,7,attestation7698113129265
Robot3,Verifier,total_verifier,0.176,7,attestation7698113303278
Robot3,Verifier,total_verifier,0.228,7,attestation7698113307129
Robot3,Verifier,total_verifier,0.27,7,attestation7698113483342
Robot3,Verifier,total_verifier,0.312,7,attestation7698113676400
Robot3,Verifier,total_verifier,0.212,8,attestation7698114538338
Robot3,Verifier,total_verifier,0.145,8,attestation7698114729876
Robot3,Verifier,total_verifier,0.161,8,attestation7698114906927
Robot3,Verifier,total_verifier,0.295,8,attestation7698114906774
Robot3,Verifier,total_verifier,0.202,8,attestation7698115088451
Robot3,Verifier,total_verifier,0.295,9,attestation7698116131017
Robot3,Verifier,total_verifier,0.043000000000000003,9,attestation7698116502086
Robot3,Verifier,total_verifier,0.326,9,attestation7698116499543
Robot3,Verifier,total_verifier,0.201,9,attestation7698116681277
Robot3,Verifier,total_verifier,0.201,9,attestation7698116863095
Robot3,Verifier,total_verifier,0.20400000000000001,10,attestation7698117738521
Robot3,Verifier,total_verifier,0.192,10,attestation7698118107386
Robot3,Verifier,total_verifier,0.23700000000000002,10,attestation7698118094782
Robot3,Verifier,total_verifier,0.106,10,attestation7698118281505
Robot3,Verifier,total_verifier,0.105,10,attestation7698118469267
Robot3,Verifier,total_verifier,0.193,11,attestation7698119337528
Robot3,Verifier,total_verifier,0.391,11,attestation7698119526967
Robot3,Verifier,total_verifier,0.222,11,attestation7698119703911
Robot3,Verifier,total_verifier,0.209,11,attestation7698119707130
Robot3,Verifier,total_verifier,0.363,11,attestation7698119889163
Robot3,Verifier,verification_logic,0.0,3,attestation7698106724044
Robot3,Verifier,verification_logic,0.0,3,attestation7698106914801
Robot3,Verifier,verification_logic,0.0,3,attestation7698106903251
Robot3,Verifier,verification_logic,0.001,3,attestation7698107083181
Robot3,Verifier,verification_logic,0.0,3,attestation7698107274751
Robot3,Verifier,verification_logic,0.0,4,attestation7698108328608
Robot3,Verifier,verification_logic,0.0,4,attestation7698108518494
Robot3,Verifier,verification_logic,0.0,4,attestation7698108683300
Robot3,Verifier,verification_logic,0.0,4,attestation7698108875658
Robot3,Verifier,verification_logic,0.0,5,attestation7698109731486
Robot3,Verifier,verification_logic,0.0,5,attestation7698109921254
Robot3,Verifier,verification_logic,0.0,5,attestation7698110108396
Robot3,Verifier,verification_logic,0.0,5,attestation7698110294606
Robot3,Verifier,verification_logic,0.0,6,attestation7698111335183
Robot3,Verifier,verification_logic,0.0,6,attestation7698111524945
Robot3,Verifier,verification_logic,0.0,6,attestation7698111704807
Robot3,Verifier,verification_logic,0.0,6,attestation7698111887141
Robot3,Verifier,verification_logic,0.0,6,attestation7698112071001
Robot3,Verifier,verification_logic,0.0,7,attestation7698112938752
Robot3,Verifier,verification_logic,0.0,7,attestation7698113129265
Robot3,Verifier,verification_logic,0.0,7,attestation7698113303278
Robot3,Verifier,verification_logic,0.0,7,attestation7698113307129
Robot3,Verifier,verification_logic,0.0,7,attestation7698113483342
Robot3,Verifier,verification_logic,0.0,7,attestation7698113676400
Robot3,Verifier,verification_logic,0.0,8,attestation7698114538338
Robot3,Verifier,verification_logic,0.0,8,attestation7698114729876
Robot3,Verifier,verification_logic,0.0,8,attestation7698114906927
Robot3,Verifier,verification_logic,0.0,8,attestation7698114906774
Robot3,Verifier,verification_logic,0.0,8,attestation7698115088451
Robot3,Verifier,verification_logic,0.0,9,attestation7698116131017
Robot3,Verifier,verification_logic,0.0,9,attestation7698116502086
Robot3,Verifier,verification_logic,0.0,9,attestation7698116499543
Robot3,Verifier,verification_logic,0.0,9,attestation7698116681277
Robot3,Verifier,verification_logic,0.0,9,attestation7698116863095
Robot3,Verifier,verification_logic,0.0,10,attestation7698117738521
Robot3,Verifier,verification_logic,0.0,10,attestation7698118107386
Robot3,Verifier,verification_logic,0.0,10,attestation7698118094782
Robot3,Verifier,verification_logic,0.0,10,attestation7698118281505
Robot3,Verifier,verification_logic,0.0,10,attestation7698118469267
Robot3,Verifier,verification_logic,0.0,11,attestation7698119337528
Robot3,Verifier,verification_logic,0.0,11,attestation7698119526967
Robot3,Verifier,verification_logic,0.0,11,attestation7698119703911
Robot3,Verifier,verification_logic,0.0,11,attestation7698119707130
Robot3,Verifier,verification_logic,0.0,11,attestation7698119889163
Robot4,Verifier,blockchain_read,0.179,3,attestation7698106531726
Robot4,Verifier,blockchain_read,0.106,3,attestation7698106546930
Robot4,Verifier,blockchain_read,0.109,3,attestation7698106722756
Robot4,Verifier,blockchain_read,0.015,3,attestation7698106726711
Robot4,Verifier,blockchain_read,0.188,3,attestation7698106905784
Robot4,Verifier,blockchain_read,0.091,3,attestation7698107091931
Robot4,Verifier,blockchain_read,0.165,3,attestation7698107275604
Robot4,Verifier,blockchain_read,0.093,3,attestation7698107282835
Robot4,Verifier,blockchain_read,0.171,4,attestation7698108132540
Robot4,Verifier,blockchain_read,0.097,4,attestation7698108315553
Robot4,Verifier,blockchain_read,0.094,4,attestation7698108509771
Robot4,Verifier,blockchain_read,0.095,4,attestation7698108506831
Robot4,Verifier,blockchain_read,0.023,4,attestation7698108684688
Robot4,Verifier,blockchain_read,0.092,5,attestation7698109916956
Robot4,Verifier,blockchain_read,0.296,5,attestation7698110297890
Robot4,Verifier,blockchain_read,0.013000000000000001,5,attestation7698110294215
Robot4,Verifier,blockchain_read,0.093,5,attestation7698110477617
Robot4,Verifier,blockchain_read,0.096,6,attestation7698111522398
Robot4,Verifier,blockchain_read,0.28300000000000003,6,attestation7698111894615
Robot4,Verifier,blockchain_read,0.09,6,attestation7698112075514
Robot4,Verifier,blockchain_read,0.081,6,attestation7698112071530
Robot4,Verifier,blockchain_read,0.09,7,attestation7698112931612
Robot4,Verifier,blockchain_read,0.092,7,attestation7698113123448
Robot4,Verifier,blockchain_read,0.274,7,attestation7698113673923
Robot4,Verifier,blockchain_read,0.081,7,attestation7698113671231
Robot4,Verifier,blockchain_read,0.02,8,attestation7698114729275
Robot4,Verifier,blockchain_read,0.116,8,attestation7698114905697
Robot4,Verifier,blockchain_read,0.311,9,attestation7698116314154
Robot4,Verifier,blockchain_read,0.022,9,attestation7698116502567
Robot4,Verifier,blockchain_read,0.025,9,attestation7698116863373
Robot4,Verifier,blockchain_read,0.082,10,attestation7698117918911
Robot4,Verifier,blockchain_read,0.091,10,attestation7698117926345
Robot4,Verifier,blockchain_read,0.11,10,attestation7698118093295
Robot4,Verifier,blockchain_read,0.107,10,attestation7698118461590
Robot4,Verifier,blockchain_read,0.108,11,attestation7698119526659
Robot4,Verifier,blockchain_read,0.013000000000000001,11,attestation7698119515340
Robot4,Verifier,blockchain_read,0.116,11,attestation7698119702358
Robot4,Verifier,blockchain_read,0.084,11,attestation7698120063852
Robot4,Verifier,total_verifier,0.391,3,attestation7698106531726
Robot4,Verifier,total_verifier,0.268,3,attestation7698106546930
Robot4,Verifier,total_verifier,0.192,3,attestation7698106722756
Robot4,Verifier,total_verifier,0.617,3,attestation7698106726711
Robot4,Verifier,total_verifier,0.294,3,attestation7698106905784
Robot4,Verifier,total_verifier,0.216,3,attestation7698107091931
Robot4,Verifier,total_verifier,0.398,3,attestation7698107275604
Robot4,Verifier,total_verifier,0.17400000000000002,3,attestation7698107282835
Robot4,Verifier,total_verifier,0.274,4,attestation7698108132540
Robot4,Verifier,total_verifier,0.124,4,attestation7698108315553
Robot4,Verifier,total_verifier,0.187,4,attestation7698108509771
Robot4,Verifier,total_verifier,0.512,4,attestation7698108506831
Robot4,Verifier,total_verifier,0.125,4,attestation7698108684688
Robot4,Verifier,total_verifier,0.266,5,attestation7698109916956
Robot4,Verifier,total_verifier,0.392,5,attestation7698110297890
Robot4,Verifier,total_verifier,0.335,5,attestation7698110294215
Robot4,Verifier,total_verifier,0.201,5,attestation7698110477617
Robot4,Verifier,total_verifier,0.195,6,attestation7698111522398
Robot4,Verifier,total_verifier,0.392,6,attestation7698111894615
Robot4,Verifier,total_verifier,0.126,6,attestation7698112075514
Robot4,Verifier,total_verifier,0.684,6,attestation7698112071530
Robot4,Verifier,total_verifier,0.116,7,attestation7698112931612
Robot4,Verifier,total_verifier,0.209,7,attestation7698113123448
Robot4,Verifier,total_verifier,0.316,7,attestation7698113673923
Robot4,Verifier,total_verifier,0.368,7,attestation7698113671231
Robot4,Verifier,total_verifier,0.317,8,attestation7698114729275
Robot4,Verifier,total_verifier,0.292,8,attestation7698114905697
Robot4,Verifier,total_verifier,0.404,9,attestation7698116314154
Robot4,Verifier,total_verifier,0.192,9,attestation7698116502567
Robot4,Verifier,total_verifier,0.106,9,attestation7698116863373
Robot4,Verifier,total_verifier,0.183,10,attestation7698117918911
Robot4,Verifier,total_verifier,0.133,10,attestation7698117926345
Robot4,Verifier,total_verifier,0.211,10,attestation7698118093295
Robot4,Verifier,total_verifier,0.209,10,attestation7698118461590
Robot4,Verifier,total_verifier,0.199,11,attestation7698119526659
Robot4,Verifier,total_verifier,0.31,11,attestation7698119515340
Robot4,Verifier,total_verifier,0.291,11,attestation7698119702358
Robot4,Verifier,total_verifier,0.177,11,attestation7698120063852
Robot4,Verifier,verification_logic,0.0,3,attestation7698106531726
Robot4,Verifier,verification_logic,0.0,3,attestation7698106546930
Robot4,Verifier,verification_logic,0.0,3,attestation7698106722756
Robot4,Verifier,verification_logic,0.0,3,attestation7698106726711
Robot4,Verifier,verification_logic,0.0,3,attestation7698106905784
Robot4,Verifier,verification_logic,0.0,3,attestation7698107091931
Robot4,Verifier,verification_logic,0.0,3,attestation7698107275604
Robot4,Verifier,verification_logic,0.0,3,attestation7698107282835
Robot4,Verifier,verification_logic,0.0,4,attestation7698108132540
Robot4,Verifier,verification_logic,0.0,4,attestation7698108315553
Robot4,Verifier,verification_logic,0.0,4,attestation7698108509771
Robot4,Verifier,verification_logic,0.0,4,attestation7698108506831
Robot4,Verifier,verification_logic,0.0,4,attestation7698108684688
Robot4,Verifier,verification_logic,0.0,5,attestation7698109916956
Robot4,Verifier,verification_logic,0.0,5,attestation7698110297890
Robot4,Verifier,verification_logic,0.0,5,attestation7698110294215
Robot4,Verifier,verification_logic,0.0,5,attestation7698110477617
Robot4,Verifier,verification_logic,0.0,6,attestation7698111522398
Robot4,Verifier,verification_logic,0.0,6,attestation7698111894615
Robot4,Verifier,verification_logic,0.0,6,attestation7698112075514
Robot4,Verifier,verification_logic,0.0,6,attestation7698112071530
Robot4,Verifier,verification_logic,0.0,7,attestation7698112931612
Robot4,Verifier,verification_logic,0.0,7,attestation7698113123448
Robot4,Verifier,verification_logic,0.0,7,attestation7698113673923
Robot4,Verifier,verification_logic,0.0,7,attestation7698113671231
Robot4,Verifier,verification_logic,0.0,8,attestation7698114729275
Robot4,Verifier,verification_logic,0.0,8,attestation7698114905697
Robot4,Verifier,verification_logic,0.0,9,attestation7698116314154
Robot4,Verifier,verification_logic,0.0,9,attestation7698116502567
Robot4,Verifier,verification_logic,0.0,9,attestation7698116863373
Robot4,Verifier,verification_logic,0.0,10,attestation7698117918911
Robot4,Verifier,verification_logic,0.0,10,attestation7698117926345
Robot4,Verifier,verification_logic,0.0,10,attestation7698118093295
Robot4,Verifier,verification_logic,0.0,10,attestation7698118461590
Robot4,Verifier,verification_logic,0.0,11,attestation7698119526659
Robot4,Verifier,verification_logic,0.0,11,attestation7698119515340
Robot4,Verifier,verification_logic,0.0,11,attestation7698119702358
Robot4,Verifier,verification_logic,0.0,11,attestation7698120063852
SECaaS,Oracle,blockchain_read,0.048,3,attestation7698106359280
SECaaS,Oracle,blockchain_read,0.024,3,attestation7698106355953
SECaaS,Oracle,blockchain_read,0.015,3,attestation7698106359540
SECaaS,Oracle,blockchain_read,0.015,3,attestation7698106356423
SECaaS,Oracle,blockchain_read,0.013000000000000001,3,attestation7698106531726
SECaaS,Oracle,blockchain_read,0.037,3,attestation7698106546930
SECaaS,Oracle,blockchain_read,0.034,3,attestation7698106535341
SECaaS,Oracle,blockchain_read,0.029,3,attestation7698106549843
SECaaS,Oracle,blockchain_read,0.025,3,attestation7698106731910
SECaaS,Oracle,blockchain_read,0.019,3,attestation7698106724044
SECaaS,Oracle,blockchain_read,0.026000000000000002,3,attestation7698106722756
SECaaS,Oracle,blockchain_read,0.023,3,attestation7698106726711
SECaaS,Oracle,blockchain_read,0.113,3,attestation7698106914801
SECaaS,Oracle,blockchain_read,0.013000000000000001,3,attestation7698106917980
SECaaS,Oracle,blockchain_read,0.016,3,attestation7698106905784
SECaaS,Oracle,blockchain_read,0.014,3,attestation7698106903251
SECaaS,Oracle,blockchain_read,0.024,3,attestation7698107099833
SECaaS,Oracle,blockchain_read,0.022,3,attestation7698107091931
SECaaS,Oracle,blockchain_read,0.013000000000000001,3,attestation7698107083181
SECaaS,Oracle,blockchain_read,0.025,3,attestation7698107101280
SECaaS,Oracle,blockchain_read,0.038,3,attestation7698107275604
SECaaS,Oracle,blockchain_read,0.028,3,attestation7698107274751
SECaaS,Oracle,blockchain_read,0.018000000000000002,3,attestation7698107287063
SECaaS,Oracle,blockchain_read,0.014,3,attestation7698107282835
SECaaS,Oracle,blockchain_read,0.026000000000000002,4,attestation7698107957667
SECaaS,Oracle,blockchain_read,0.014,4,attestation7698107955876
SECaaS,Oracle,blockchain_read,0.019,4,attestation7698107959958
SECaaS,Oracle,blockchain_read,0.016,4,attestation7698107951637
SECaaS,Oracle,blockchain_read,0.011,4,attestation7698108139099
SECaaS,Oracle,blockchain_read,0.032,4,attestation7698108137617
SECaaS,Oracle,blockchain_read,0.014,4,attestation7698108136130
SECaaS,Oracle,blockchain_read,0.013000000000000001,4,attestation7698108132540
SECaaS,Oracle,blockchain_read,0.036000000000000004,4,attestation7698108328024
SECaaS,Oracle,blockchain_read,0.021,4,attestation7698108328608
SECaaS,Oracle,blockchain_read,0.014,4,attestation7698108324686
SECaaS,Oracle,blockchain_read,0.012,4,attestation7698108315553
SECaaS,Oracle,blockchain_read,0.018000000000000002,4,attestation7698108518494
SECaaS,Oracle,blockchain_read,0.016,4,attestation7698108509771
SECaaS,Oracle,blockchain_read,0.013000000000000001,4,attestation7698108506831
SECaaS,Oracle,blockchain_read,0.014,4,attestation7698108506549
SECaaS,Oracle,blockchain_read,0.022,4,attestation7698108686837
SECaaS,Oracle,blockchain_read,0.017,4,attestation7698108693412
SECaaS,Oracle,blockchain_read,0.015,4,attestation7698108683300
SECaaS,Oracle,blockchain_read,0.012,4,attestation7698108684688
SECaaS,Oracle,blockchain_read,0.029,4,attestation7698108875923
SECaaS,Oracle,blockchain_read,0.016,4,attestation7698108875658
SECaaS,Oracle,blockchain_read,0.011,4,attestation7698108877035
SECaaS,Oracle,blockchain_read,0.013000000000000001,4,attestation7698108885036
SECaaS,Oracle,blockchain_read,0.035,5,attestation7698109552598
SECaaS,Oracle,blockchain_read,0.013000000000000001,5,attestation7698109558252
SECaaS,Oracle,blockchain_read,0.011,5,attestation7698109559398
SECaaS,Oracle,blockchain_read,0.012,5,attestation7698109558988
SECaaS,Oracle,blockchain_read,0.01,5,attestation7698109735480
SECaaS,Oracle,blockchain_read,0.031,5,attestation7698109741681
SECaaS,Oracle,blockchain_read,0.024,5,attestation7698109731486
SECaaS,Oracle,blockchain_read,0.011,5,attestation7698109732182
SECaaS,Oracle,blockchain_read,0.012,5,attestation7698109916956
SECaaS,Oracle,blockchain_read,0.027,5,attestation7698109921254
SECaaS,Oracle,blockchain_read,0.028,5,attestation7698109927907
SECaaS,Oracle,blockchain_read,0.07,5,attestation7698109925951
SECaaS,Oracle,blockchain_read,0.026000000000000002,5,attestation7698110108396
SECaaS,Oracle,blockchain_read,0.011,5,attestation7698110109386
SECaaS,Oracle,blockchain_read,0.016,5,attestation7698110105156
SECaaS,Oracle,blockchain_read,0.012,5,attestation7698110098808
SECaaS,Oracle,blockchain_read,0.019,5,attestation7698110289613
SECaaS,Oracle,blockchain_read,0.013000000000000001,5,attestation7698110297890
SECaaS,Oracle,blockchain_read,0.017,5,attestation7698110294606
SECaaS,Oracle,blockchain_read,0.019,5,attestation7698110294215
SECaaS,Oracle,blockchain_read,0.018000000000000002,5,attestation7698110479331
SECaaS,Oracle,blockchain_read,0.014,5,attestation7698110469877
SECaaS,Oracle,blockchain_read,0.02,5,attestation7698110482613
SECaaS,Oracle,blockchain_read,0.014,5,attestation7698110477617
SECaaS,Oracle,blockchain_read,0.029,6,attestation7698111153497
SECaaS,Oracle,blockchain_read,0.015,6,attestation7698111152717
SECaaS,Oracle,blockchain_read,0.015,6,attestation7698111155768
SECaaS,Oracle,blockchain_read,0.015,6,attestation7698111154136
SECaaS,Oracle,blockchain_read,0.025,6,attestation7698111335268
SECaaS,Oracle,blockchain_read,0.012,6,attestation7698111333827
SECaaS,Oracle,blockchain_read,0.015,6,attestation7698111335183
SECaaS,Oracle,blockchain_read,0.015,6,attestation7698111334127
SECaaS,Oracle,blockchain_read,0.015,6,attestation7698111511227
SECaaS,Oracle,blockchain_read,0.023,6,attestation7698111524945
SECaaS,Oracle,blockchain_read,0.012,6,attestation7698111527899
SECaaS,Oracle,blockchain_read,0.018000000000000002,6,attestation7698111522398
SECaaS,Oracle,blockchain_read,0.019,6,attestation7698111701498
SECaaS,Oracle,blockchain_read,0.013000000000000001,6,attestation7698111709170
SECaaS,Oracle,blockchain_read,0.011,6,attestation7698111708295
SECaaS,Oracle,blockchain_read,0.011,6,attestation7698111704807
SECaaS,Oracle,blockchain_read,0.036000000000000004,6,attestation7698111894307
SECaaS,Oracle,blockchain_read,0.011,6,attestation7698111894615
SECaaS,Oracle,blockchain_read,0.011,6,attestation7698111887141
SECaaS,Oracle,blockchain_read,0.012,6,attestation7698111885044
SECaaS,Oracle,blockchain_read,0.02,6,attestation7698112075514
SECaaS,Oracle,blockchain_read,0.019,6,attestation7698112071001
SECaaS,Oracle,blockchain_read,0.013000000000000001,6,attestation7698112071530
SECaaS,Oracle,blockchain_read,0.011,6,attestation7698112062832
SECaaS,Oracle,blockchain_read,0.024,7,attestation7698112756267
SECaaS,Oracle,blockchain_read,0.024,7,attestation7698112753294
SECaaS,Oracle,blockchain_read,0.019,7,attestation7698112758298
SECaaS,Oracle,blockchain_read,0.024,7,attestation7698112757601
SECaaS,Oracle,blockchain_read,0.02,7,attestation7698112931612
SECaaS,Oracle,blockchain_read,0.011,7,attestation7698112936495
SECaaS,Oracle,blockchain_read,0.02,7,attestation7698112938752
SECaaS,Oracle,blockchain_read,0.023,7,attestation7698112933623
SECaaS,Oracle,blockchain_read,0.011,7,attestation7698113128831
SECaaS,Oracle,blockchain_read,0.012,7,attestation7698113129265
SECaaS,Oracle,blockchain_read,0.011,7,attestation7698113111363
SECaaS,Oracle,blockchain_read,0.012,7,attestation7698113123448
SECaaS,Oracle,blockchain_read,0.034,7,attestation7698113303278
SECaaS,Oracle,blockchain_read,0.021,7,attestation7698113309938
SECaaS,Oracle,blockchain_read,0.016,7,attestation7698113308444
SECaaS,Oracle,blockchain_read,0.011,7,attestation7698113307129
SECaaS,Oracle,blockchain_read,0.034,7,attestation7698113499247
SECaaS,Oracle,blockchain_read,0.012,7,attestation7698113482245
SECaaS,Oracle,blockchain_read,0.01,7,attestation7698113483342
SECaaS,Oracle,blockchain_read,0.011,7,attestation7698113489574
SECaaS,Oracle,blockchain_read,0.03,7,attestation7698113673923
SECaaS,Oracle,blockchain_read,0.012,7,attestation7698113676400
SECaaS,Oracle,blockchain_read,0.014,7,attestation7698113678019
SECaaS,Oracle,blockchain_read,0.014,7,attestation7698113671231
SECaaS,Oracle,blockchain_read,0.029,8,attestation7698114359833
SECaaS,Oracle,blockchain_read,0.011,8,attestation7698114359358
SECaaS,Oracle,blockchain_read,0.012,8,attestation7698114356796
SECaaS,Oracle,blockchain_read,0.019,8,attestation7698114357403
SECaaS,Oracle,blockchain_read,0.038,8,attestation7698114537451
SECaaS,Oracle,blockchain_read,0.016,8,attestation7698114539646
SECaaS,Oracle,blockchain_read,0.013000000000000001,8,attestation7698114538338
SECaaS,Oracle,blockchain_read,0.012,8,attestation7698114532198
SECaaS,Oracle,blockchain_read,0.019,8,attestation7698114716801
SECaaS,Oracle,blockchain_read,0.022,8,attestation7698114729876
SECaaS,Oracle,blockchain_read,0.013000000000000001,8,attestation7698114722707
SECaaS,Oracle,blockchain_read,0.012,8,attestation7698114729275
SECaaS,Oracle,blockchain_read,0.028,8,attestation7698114906927
SECaaS,Oracle,blockchain_read,0.011,8,attestation7698114907022
SECaaS,Oracle,blockchain_read,0.012,8,attestation7698114905697
SECaaS,Oracle,blockchain_read,0.023,8,attestation7698114906774
SECaaS,Oracle,blockchain_read,0.019,8,attestation7698115084460
SECaaS,Oracle,blockchain_read,0.015,8,attestation7698115095352
SECaaS,Oracle,blockchain_read,0.011,8,attestation7698115088451
SECaaS,Oracle,blockchain_read,0.012,8,attestation7698115087667
SECaaS,Oracle,blockchain_read,0.035,8,attestation7698115277818
SECaaS,Oracle,blockchain_read,0.012,8,attestation7698115272835
SECaaS,Oracle,blockchain_read,0.012,8,attestation7698115271287
SECaaS,Oracle,blockchain_read,0.012,8,attestation7698115262529
SECaaS,Oracle,blockchain_read,0.034,9,attestation7698115954814
SECaaS,Oracle,blockchain_read,0.011,9,attestation7698115955937
SECaaS,Oracle,blockchain_read,0.017,9,attestation7698115956593
SECaaS,Oracle,blockchain_read,0.02,9,attestation7698115954659
SECaaS,Oracle,blockchain_read,0.032,9,attestation7698116139662
SECaaS,Oracle,blockchain_read,0.014,9,attestation7698116138677
SECaaS,Oracle,blockchain_read,0.01,9,attestation7698116131017
SECaaS,Oracle,blockchain_read,0.011,9,attestation7698116135465
SECaaS,Oracle,blockchain_read,0.03,9,attestation7698116314154
SECaaS,Oracle,blockchain_read,0.015,9,attestation7698116313200
SECaaS,Oracle,blockchain_read,0.012,9,attestation7698116315790
SECaaS,Oracle,blockchain_read,0.019,9,attestation7698116328083
SECaaS,Oracle,blockchain_read,0.039,9,attestation7698116502086
SECaaS,Oracle,blockchain_read,0.012,9,attestation7698116501890
SECaaS,Oracle,blockchain_read,0.016,9,attestation7698116502567
SECaaS,Oracle,blockchain_read,0.014,9,attestation7698116499543
SECaaS,Oracle,blockchain_read,0.019,9,attestation7698116688099
SECaaS,Oracle,blockchain_read,0.013000000000000001,9,attestation7698116686018
SECaaS,Oracle,blockchain_read,0.011,9,attestation7698116681277
SECaaS,Oracle,blockchain_read,0.017,9,attestation7698116682783
SECaaS,Oracle,blockchain_read,0.022,9,attestation7698116873701
SECaaS,Oracle,blockchain_read,0.011,9,attestation7698116863095
SECaaS,Oracle,blockchain_read,0.012,9,attestation7698116865989
SECaaS,Oracle,blockchain_read,0.013000000000000001,9,attestation7698116863373
SECaaS,Oracle,blockchain_read,0.021,10,attestation7698117554307
SECaaS,Oracle,blockchain_read,0.012,10,attestation7698117553655
SECaaS,Oracle,blockchain_read,0.012,10,attestation7698117558823
SECaaS,Oracle,blockchain_read,0.011,10,attestation7698117557351
SECaaS,Oracle,blockchain_read,0.027,10,attestation7698117737686
SECaaS,Oracle,blockchain_read,0.012,10,attestation7698117739319
SECaaS,Oracle,blockchain_read,0.013000000000000001,10,attestation7698117738521
SECaaS,Oracle,blockchain_read,0.019,10,attestation7698117733622
SECaaS,Oracle,blockchain_read,0.02,10,attestation7698117918911
SECaaS,Oracle,blockchain_read,0.012,10,attestation7698117912236
SECaaS,Oracle,blockchain_read,0.017,10,attestation7698117926345
SECaaS,Oracle,blockchain_read,0.013000000000000001,10,attestation7698117913810
SECaaS,Oracle,blockchain_read,0.027,10,attestation7698118107386
SECaaS,Oracle,blockchain_read,0.012,10,attestation7698118105101
SECaaS,Oracle,blockchain_read,0.013000000000000001,10,attestation7698118093295
SECaaS,Oracle,blockchain_read,0.011,10,attestation7698118094782
SECaaS,Oracle,blockchain_read,0.018000000000000002,10,attestation7698118288701
SECaaS,Oracle,blockchain_read,0.022,10,attestation7698118283183
SECaaS,Oracle,blockchain_read,0.014,10,attestation7698118281505
SECaaS,Oracle,blockchain_read,0.013000000000000001,10,attestation7698118281688
SECaaS,Oracle,blockchain_read,0.025,10,attestation7698118479733
SECaaS,Oracle,blockchain_read,0.011,10,attestation7698118469267
SECaaS,Oracle,blockchain_read,0.015,10,attestation7698118464676
SECaaS,Oracle,blockchain_read,0.012,10,attestation7698118461590
SECaaS,Oracle,blockchain_read,0.029,11,attestation7698119156020
SECaaS,Oracle,blockchain_read,0.011,11,attestation7698119152730
SECaaS,Oracle,blockchain_read,0.014,11,attestation7698119155007
SECaaS,Oracle,blockchain_read,0.01,11,attestation7698119154389
SECaaS,Oracle,blockchain_read,0.037,11,attestation7698119331191
SECaaS,Oracle,blockchain_read,0.019,11,attestation7698119333456
SECaaS,Oracle,blockchain_read,0.016,11,attestation7698119337528
SECaaS,Oracle,blockchain_read,0.012,11,attestation7698119336391
SECaaS,Oracle,blockchain_read,0.012,11,attestation7698119519219
SECaaS,Oracle,blockchain_read,0.025,11,attestation7698119526967
SECaaS,Oracle,blockchain_read,0.018000000000000002,11,attestation7698119526659
SECaaS,Oracle,blockchain_read,0.014,11,attestation7698119515340
SECaaS,Oracle,blockchain_read,0.027,11,attestation7698119703911
SECaaS,Oracle,blockchain_read,0.02,11,attestation7698119701152
SECaaS,Oracle,blockchain_read,0.014,11,attestation7698119702358
SECaaS,Oracle,blockchain_read,0.011,11,attestation7698119707130
SECaaS,Oracle,blockchain_read,0.02,11,attestation7698119899078
SECaaS,Oracle,blockchain_read,0.014,11,attestation7698119888628
SECaaS,Oracle,blockchain_read,0.023,11,attestation7698119889163
SECaaS,Oracle,blockchain_read,0.011,11,attestation7698119889976
SECaaS,Oracle,blockchain_read,0.023,11,attestation7698120071768
SECaaS,Oracle,blockchain_read,0.011,11,attestation7698120071816
SECaaS,Oracle,blockchain_read,0.013000000000000001,11,attestation7698120079975
SECaaS,Oracle,blockchain_read,0.014,11,attestation7698120063852
SECaaS,Oracle,db_lookup,0.003,3,attestation7698106359280
SECaaS,Oracle,db_lookup,0.0,3,attestation7698106355953
SECaaS,Oracle,db_lookup,0.001,3,attestation7698106359540
SECaaS,Oracle,db_lookup,0.001,3,attestation7698106356423
SECaaS,Oracle,db_lookup,0.001,3,attestation7698106531726
SECaaS,Oracle,db_lookup,0.001,3,attestation7698106546930
SECaaS,Oracle,db_lookup,0.001,3,attestation7698106535341
SECaaS,Oracle,db_lookup,0.001,3,attestation7698106549843
SECaaS,Oracle,db_lookup,0.004,3,attestation7698106731910
SECaaS,Oracle,db_lookup,0.001,3,attestation7698106724044
SECaaS,Oracle,db_lookup,0.001,3,attestation7698106722756
SECaaS,Oracle,db_lookup,0.0,3,attestation7698106726711
SECaaS,Oracle,db_lookup,0.002,3,attestation7698106914801
SECaaS,Oracle,db_lookup,0.001,3,attestation7698106917980
SECaaS,Oracle,db_lookup,0.0,3,attestation7698106905784
SECaaS,Oracle,db_lookup,0.0,3,attestation7698106903251
SECaaS,Oracle,db_lookup,0.004,3,attestation7698107099833
SECaaS,Oracle,db_lookup,0.001,3,attestation7698107091931
SECaaS,Oracle,db_lookup,0.0,3,attestation7698107083181
SECaaS,Oracle,db_lookup,0.002,3,attestation7698107101280
SECaaS,Oracle,db_lookup,0.008,3,attestation7698107275604
SECaaS,Oracle,db_lookup,0.001,3,attestation7698107274751
SECaaS,Oracle,db_lookup,0.001,3,attestation7698107287063
SECaaS,Oracle,db_lookup,0.001,3,attestation7698107282835
SECaaS,Oracle,db_lookup,0.008,4,attestation7698107957667
SECaaS,Oracle,db_lookup,0.001,4,attestation7698107955876
SECaaS,Oracle,db_lookup,0.001,4,attestation7698107959958
SECaaS,Oracle,db_lookup,0.0,4,attestation7698107951637
SECaaS,Oracle,db_lookup,0.001,4,attestation7698108139099
SECaaS,Oracle,db_lookup,0.005,4,attestation7698108137617
SECaaS,Oracle,db_lookup,0.0,4,attestation7698108136130
SECaaS,Oracle,db_lookup,0.001,4,attestation7698108132540
SECaaS,Oracle,db_lookup,0.009000000000000001,4,attestation7698108328024
SECaaS,Oracle,db_lookup,0.001,4,attestation7698108328608
SECaaS,Oracle,db_lookup,0.001,4,attestation7698108324686
SECaaS,Oracle,db_lookup,0.0,4,attestation7698108315553
SECaaS,Oracle,db_lookup,0.003,4,attestation7698108518494
SECaaS,Oracle,db_lookup,0.001,4,attestation7698108509771
SECaaS,Oracle,db_lookup,0.002,4,attestation7698108506831
SECaaS,Oracle,db_lookup,0.001,4,attestation7698108506549
SECaaS,Oracle,db_lookup,0.001,4,attestation7698108686837
SECaaS,Oracle,db_lookup,0.002,4,attestation7698108693412
SECaaS,Oracle,db_lookup,0.001,4,attestation7698108683300
SECaaS,Oracle,db_lookup,0.0,4,attestation7698108684688
SECaaS,Oracle,db_lookup,0.007,4,attestation7698108875923
SECaaS,Oracle,db_lookup,0.002,4,attestation7698108875658
SECaaS,Oracle,db_lookup,0.0,4,attestation7698108877035
SECaaS,Oracle,db_lookup,0.001,4,attestation7698108885036
SECaaS,Oracle,db_lookup,0.007,5,attestation7698109552598
SECaaS,Oracle,db_lookup,0.001,5,attestation7698109558252
SECaaS,Oracle,db_lookup,0.001,5,attestation7698109559398
SECaaS,Oracle,db_lookup,0.001,5,attestation7698109558988
SECaaS,Oracle,db_lookup,0.001,5,attestation7698109735480
SECaaS,Oracle,db_lookup,0.004,5,attestation7698109741681
SECaaS,Oracle,db_lookup,0.001,5,attestation7698109731486
SECaaS,Oracle,db_lookup,0.001,5,attestation7698109732182
SECaaS,Oracle,db_lookup,0.001,5,attestation7698109916956
SECaaS,Oracle,db_lookup,0.001,5,attestation7698109921254
SECaaS,Oracle,db_lookup,0.002,5,attestation7698109927907
SECaaS,Oracle,db_lookup,0.0,5,attestation7698109925951
SECaaS,Oracle,db_lookup,0.005,5,attestation7698110108396
SECaaS,Oracle,db_lookup,0.001,5,attestation7698110109386
SECaaS,Oracle,db_lookup,0.0,5,attestation7698110105156
SECaaS,Oracle,db_lookup,0.0,5,attestation7698110098808
SECaaS,Oracle,db_lookup,0.006,5,attestation7698110289613
SECaaS,Oracle,db_lookup,0.001,5,attestation7698110297890
SECaaS,Oracle,db_lookup,0.002,5,attestation7698110294606
SECaaS,Oracle,db_lookup,0.002,5,attestation7698110294215
SECaaS,Oracle,db_lookup,0.001,5,attestation7698110479331
SECaaS,Oracle,db_lookup,0.0,5,attestation7698110469877
SECaaS,Oracle,db_lookup,0.001,5,attestation7698110482613
SECaaS,Oracle,db_lookup,0.001,5,attestation7698110477617
SECaaS,Oracle,db_lookup,0.003,6,attestation7698111153497
SECaaS,Oracle,db_lookup,0.001,6,attestation7698111152717
SECaaS,Oracle,db_lookup,0.001,6,attestation7698111155768
SECaaS,Oracle,db_lookup,0.001,6,attestation7698111154136
SECaaS,Oracle,db_lookup,0.0,6,attestation7698111335268
SECaaS,Oracle,db_lookup,0.001,6,attestation7698111333827
SECaaS,Oracle,db_lookup,0.001,6,attestation7698111335183
SECaaS,Oracle,db_lookup,0.001,6,attestation7698111334127
SECaaS,Oracle,db_lookup,0.004,6,attestation7698111511227
SECaaS,Oracle,db_lookup,0.007,6,attestation7698111524945
SECaaS,Oracle,db_lookup,0.002,6,attestation7698111527899
SECaaS,Oracle,db_lookup,0.003,6,attestation7698111522398
SECaaS,Oracle,db_lookup,0.005,6,attestation7698111701498
SECaaS,Oracle,db_lookup,0.001,6,attestation7698111709170
SECaaS,Oracle,db_lookup,0.0,6,attestation7698111708295
SECaaS,Oracle,db_lookup,0.001,6,attestation7698111704807
SECaaS,Oracle,db_lookup,0.002,6,attestation7698111894307
SECaaS,Oracle,db_lookup,0.001,6,attestation7698111894615
SECaaS,Oracle,db_lookup,0.001,6,attestation7698111887141
SECaaS,Oracle,db_lookup,0.001,6,attestation7698111885044
SECaaS,Oracle,db_lookup,0.004,6,attestation7698112075514
SECaaS,Oracle,db_lookup,0.002,6,attestation7698112071001
SECaaS,Oracle,db_lookup,0.0,6,attestation7698112071530
SECaaS,Oracle,db_lookup,0.0,6,attestation7698112062832
SECaaS,Oracle,db_lookup,0.008,7,attestation7698112756267
SECaaS,Oracle,db_lookup,0.0,7,attestation7698112753294
SECaaS,Oracle,db_lookup,0.0,7,attestation7698112758298
SECaaS,Oracle,db_lookup,0.001,7,attestation7698112757601
SECaaS,Oracle,db_lookup,0.004,7,attestation7698112931612
SECaaS,Oracle,db_lookup,0.001,7,attestation7698112936495
SECaaS,Oracle,db_lookup,0.002,7,attestation7698112938752
SECaaS,Oracle,db_lookup,0.001,7,attestation7698112933623
SECaaS,Oracle,db_lookup,0.01,7,attestation7698113128831
SECaaS,Oracle,db_lookup,0.0,7,attestation7698113129265
SECaaS,Oracle,db_lookup,0.001,7,attestation7698113111363
SECaaS,Oracle,db_lookup,0.001,7,attestation7698113123448
SECaaS,Oracle,db_lookup,0.001,7,attestation7698113303278
SECaaS,Oracle,db_lookup,0.001,7,attestation7698113309938
SECaaS,Oracle,db_lookup,0.001,7,attestation7698113308444
SECaaS,Oracle,db_lookup,0.001,7,attestation7698113307129
SECaaS,Oracle,db_lookup,0.004,7,attestation7698113499247
SECaaS,Oracle,db_lookup,0.001,7,attestation7698113482245
SECaaS,Oracle,db_lookup,0.001,7,attestation7698113483342
SECaaS,Oracle,db_lookup,0.001,7,attestation7698113489574
SECaaS,Oracle,db_lookup,0.018000000000000002,7,attestation7698113673923
SECaaS,Oracle,db_lookup,0.001,7,attestation7698113676400
SECaaS,Oracle,db_lookup,0.006,7,attestation7698113678019
SECaaS,Oracle,db_lookup,0.002,7,attestation7698113671231
SECaaS,Oracle,db_lookup,0.008,8,attestation7698114359833
SECaaS,Oracle,db_lookup,0.001,8,attestation7698114359358
SECaaS,Oracle,db_lookup,0.001,8,attestation7698114356796
SECaaS,Oracle,db_lookup,0.001,8,attestation7698114357403
SECaaS,Oracle,db_lookup,0.001,8,attestation7698114537451
SECaaS,Oracle,db_lookup,0.0,8,attestation7698114539646
SECaaS,Oracle,db_lookup,0.001,8,attestation7698114538338
SECaaS,Oracle,db_lookup,0.001,8,attestation7698114532198
SECaaS,Oracle,db_lookup,0.001,8,attestation7698114716801
SECaaS,Oracle,db_lookup,0.001,8,attestation7698114729876
SECaaS,Oracle,db_lookup,0.001,8,attestation7698114722707
SECaaS,Oracle,db_lookup,0.0,8,attestation7698114729275
SECaaS,Oracle,db_lookup,0.009000000000000001,8,attestation7698114906927
SECaaS,Oracle,db_lookup,0.001,8,attestation7698114907022
SECaaS,Oracle,db_lookup,0.0,8,attestation7698114905697
SECaaS,Oracle,db_lookup,0.001,8,attestation7698114906774
SECaaS,Oracle,db_lookup,0.001,8,attestation7698115084460
SECaaS,Oracle,db_lookup,0.001,8,attestation7698115095352
SECaaS,Oracle,db_lookup,0.001,8,attestation7698115088451
SECaaS,Oracle,db_lookup,0.001,8,attestation7698115087667
SECaaS,Oracle,db_lookup,0.007,8,attestation7698115277818
SECaaS,Oracle,db_lookup,0.0,8,attestation7698115272835
SECaaS,Oracle,db_lookup,0.001,8,attestation7698115271287
SECaaS,Oracle,db_lookup,0.0,8,attestation7698115262529
SECaaS,Oracle,db_lookup,0.009000000000000001,9,attestation7698115954814
SECaaS,Oracle,db_lookup,0.001,9,attestation7698115955937
SECaaS,Oracle,db_lookup,0.0,9,attestation7698115956593
SECaaS,Oracle,db_lookup,0.001,9,attestation7698115954659
SECaaS,Oracle,db_lookup,0.005,9,attestation7698116139662
SECaaS,Oracle,db_lookup,0.0,9,attestation7698116138677
SECaaS,Oracle,db_lookup,0.001,9,attestation7698116131017
SECaaS,Oracle,db_lookup,0.001,9,attestation7698116135465
SECaaS,Oracle,db_lookup,0.007,9,attestation7698116314154
SECaaS,Oracle,db_lookup,0.001,9,attestation7698116313200
SECaaS,Oracle,db_lookup,0.004,9,attestation7698116315790
SECaaS,Oracle,db_lookup,0.001,9,attestation7698116328083
SECaaS,Oracle,db_lookup,0.022,9,attestation7698116502086
SECaaS,Oracle,db_lookup,0.001,9,attestation7698116501890
SECaaS,Oracle,db_lookup,0.0,9,attestation7698116502567
SECaaS,Oracle,db_lookup,0.001,9,attestation7698116499543
SECaaS,Oracle,db_lookup,0.006,9,attestation7698116688099
SECaaS,Oracle,db_lookup,0.001,9,attestation7698116686018
SECaaS,Oracle,db_lookup,0.001,9,attestation7698116681277
SECaaS,Oracle,db_lookup,0.001,9,attestation7698116682783
SECaaS,Oracle,db_lookup,0.003,9,attestation7698116873701
SECaaS,Oracle,db_lookup,0.001,9,attestation7698116863095
SECaaS,Oracle,db_lookup,0.0,9,attestation7698116865989
SECaaS,Oracle,db_lookup,0.002,9,attestation7698116863373
SECaaS,Oracle,db_lookup,0.005,10,attestation7698117554307
SECaaS,Oracle,db_lookup,0.002,10,attestation7698117553655
SECaaS,Oracle,db_lookup,0.001,10,attestation7698117558823
SECaaS,Oracle,db_lookup,0.001,10,attestation7698117557351
SECaaS,Oracle,db_lookup,0.006,10,attestation7698117737686
SECaaS,Oracle,db_lookup,0.001,10,attestation7698117739319
SECaaS,Oracle,db_lookup,0.001,10,attestation7698117738521
SECaaS,Oracle,db_lookup,0.001,10,attestation7698117733622
SECaaS,Oracle,db_lookup,0.001,10,attestation7698117918911
SECaaS,Oracle,db_lookup,0.0,10,attestation7698117912236
SECaaS,Oracle,db_lookup,0.001,10,attestation7698117926345
SECaaS,Oracle,db_lookup,0.001,10,attestation7698117913810
SECaaS,Oracle,db_lookup,0.001,10,attestation7698118107386
SECaaS,Oracle,db_lookup,0.001,10,attestation7698118105101
SECaaS,Oracle,db_lookup,0.001,10,attestation7698118093295
SECaaS,Oracle,db_lookup,0.0,10,attestation7698118094782
SECaaS,Oracle,db_lookup,0.003,10,attestation7698118288701
SECaaS,Oracle,db_lookup,0.002,10,attestation7698118283183
SECaaS,Oracle,db_lookup,0.0,10,attestation7698118281505
SECaaS,Oracle,db_lookup,0.001,10,attestation7698118281688
SECaaS,Oracle,db_lookup,0.012,10,attestation7698118479733
SECaaS,Oracle,db_lookup,0.001,10,attestation7698118469267
SECaaS,Oracle,db_lookup,0.001,10,attestation7698118464676
SECaaS,Oracle,db_lookup,0.001,10,attestation7698118461590
SECaaS,Oracle,db_lookup,0.002,11,attestation7698119156020
SECaaS,Oracle,db_lookup,0.0,11,attestation7698119152730
SECaaS,Oracle,db_lookup,0.001,11,attestation7698119155007
SECaaS,Oracle,db_lookup,0.001,11,attestation7698119154389
SECaaS,Oracle,db_lookup,0.001,11,attestation7698119331191
SECaaS,Oracle,db_lookup,0.002,11,attestation7698119333456
SECaaS,Oracle,db_lookup,0.002,11,attestation7698119337528
SECaaS,Oracle,db_lookup,0.001,11,attestation7698119336391
SECaaS,Oracle,db_lookup,0.001,11,attestation7698119519219
SECaaS,Oracle,db_lookup,0.004,11,attestation7698119526967
SECaaS,Oracle,db_lookup,0.001,11,attestation7698119526659
SECaaS,Oracle,db_lookup,0.001,11,attestation7698119515340
SECaaS,Oracle,db_lookup,0.005,11,attestation7698119703911
SECaaS,Oracle,db_lookup,0.001,11,attestation7698119701152
SECaaS,Oracle,db_lookup,0.001,11,attestation7698119702358
SECaaS,Oracle,db_lookup,0.001,11,attestation7698119707130
SECaaS,Oracle,db_lookup,0.001,11,attestation7698119899078
SECaaS,Oracle,db_lookup,0.0,11,attestation7698119888628
SECaaS,Oracle,db_lookup,0.001,11,attestation7698119889163
SECaaS,Oracle,db_lookup,0.001,11,attestation7698119889976
SECaaS,Oracle,db_lookup,0.003,11,attestation7698120071768
SECaaS,Oracle,db_lookup,0.001,11,attestation7698120071816
SECaaS,Oracle,db_lookup,0.001,11,attestation7698120079975
SECaaS,Oracle,db_lookup,0.001,11,attestation7698120063852
SECaaS,Oracle,total_oracle,0.121,3,attestation7698106359280
SECaaS,Oracle,total_oracle,1.995,3,attestation7698106355953
SECaaS,Oracle,total_oracle,3.983,3,attestation7698106359540
SECaaS,Oracle,total_oracle,5.953,3,attestation7698106356423
SECaaS,Oracle,total_oracle,0.051000000000000004,3,attestation7698106531726
SECaaS,Oracle,total_oracle,0.106,3,attestation7698106546930
SECaaS,Oracle,total_oracle,0.272,3,attestation7698106535341
SECaaS,Oracle,total_oracle,0.378,3,attestation7698106549843
SECaaS,Oracle,total_oracle,0.10300000000000001,3,attestation7698106731910
SECaaS,Oracle,total_oracle,0.225,3,attestation7698106724044
SECaaS,Oracle,total_oracle,0.34800000000000003,3,attestation7698106722756
SECaaS,Oracle,total_oracle,0.466,3,attestation7698106726711
SECaaS,Oracle,total_oracle,0.17500000000000002,3,attestation7698106914801
SECaaS,Oracle,total_oracle,0.27,3,attestation7698106917980
SECaaS,Oracle,total_oracle,0.277,3,attestation7698106905784
SECaaS,Oracle,total_oracle,0.367,3,attestation7698106903251
SECaaS,Oracle,total_oracle,0.073,3,attestation7698107099833
SECaaS,Oracle,total_oracle,0.191,3,attestation7698107091931
SECaaS,Oracle,total_oracle,0.305,3,attestation7698107083181
SECaaS,Oracle,total_oracle,0.081,3,attestation7698107101280
SECaaS,Oracle,total_oracle,0.109,3,attestation7698107275604
SECaaS,Oracle,total_oracle,0.23500000000000001,3,attestation7698107274751
SECaaS,Oracle,total_oracle,0.058,3,attestation7698107287063
SECaaS,Oracle,total_oracle,0.191,3,attestation7698107282835
SECaaS,Oracle,total_oracle,0.116,4,attestation7698107957667
SECaaS,Oracle,total_oracle,2.0300000000000002,4,attestation7698107955876
SECaaS,Oracle,total_oracle,4.051,4,attestation7698107959958
SECaaS,Oracle,total_oracle,5.945,4,attestation7698107951637
SECaaS,Oracle,total_oracle,0.042,4,attestation7698108139099
SECaaS,Oracle,total_oracle,0.081,4,attestation7698108137617
SECaaS,Oracle,total_oracle,0.199,4,attestation7698108136130
SECaaS,Oracle,total_oracle,0.278,4,attestation7698108132540
SECaaS,Oracle,total_oracle,0.124,4,attestation7698108328024
SECaaS,Oracle,total_oracle,0.278,4,attestation7698108328608
SECaaS,Oracle,total_oracle,0.36,4,attestation7698108324686
SECaaS,Oracle,total_oracle,0.438,4,attestation7698108315553
SECaaS,Oracle,total_oracle,0.101,4,attestation7698108518494
SECaaS,Oracle,total_oracle,0.20500000000000002,4,attestation7698108509771
SECaaS,Oracle,total_oracle,0.273,4,attestation7698108506831
SECaaS,Oracle,total_oracle,0.34600000000000003,4,attestation7698108506549
SECaaS,Oracle,total_oracle,0.081,4,attestation7698108686837
SECaaS,Oracle,total_oracle,0.184,4,attestation7698108693412
SECaaS,Oracle,total_oracle,0.267,4,attestation7698108683300
SECaaS,Oracle,total_oracle,0.34400000000000003,4,attestation7698108684688
SECaaS,Oracle,total_oracle,0.084,4,attestation7698108875923
SECaaS,Oracle,total_oracle,0.211,4,attestation7698108875658
SECaaS,Oracle,total_oracle,0.28200000000000003,4,attestation7698108877035
SECaaS,Oracle,total_oracle,0.047,4,attestation7698108885036
SECaaS,Oracle,total_oracle,0.084,5,attestation7698109552598
SECaaS,Oracle,total_oracle,2.102,5,attestation7698109558252
SECaaS,Oracle,total_oracle,4.074,5,attestation7698109559398
SECaaS,Oracle,total_oracle,6.043,5,attestation7698109558988
SECaaS,Oracle,total_oracle,0.055,5,attestation7698109735480
SECaaS,Oracle,total_oracle,0.10200000000000001,5,attestation7698109741681
SECaaS,Oracle,total_oracle,0.2,5,attestation7698109731486
SECaaS,Oracle,total_oracle,0.272,5,attestation7698109732182
SECaaS,Oracle,total_oracle,0.043000000000000003,5,attestation7698109916956
SECaaS,Oracle,total_oracle,0.062,5,attestation7698109921254
SECaaS,Oracle,total_oracle,0.171,5,attestation7698109927907
SECaaS,Oracle,total_oracle,0.325,5,attestation7698109925951
SECaaS,Oracle,total_oracle,0.089,5,attestation7698110108396
SECaaS,Oracle,total_oracle,0.167,5,attestation7698110109386
SECaaS,Oracle,total_oracle,0.246,5,attestation7698110105156
SECaaS,Oracle,total_oracle,0.326,5,attestation7698110098808
SECaaS,Oracle,total_oracle,0.076,5,attestation7698110289613
SECaaS,Oracle,total_oracle,0.20700000000000002,5,attestation7698110297890
SECaaS,Oracle,total_oracle,0.307,5,attestation7698110294606
SECaaS,Oracle,total_oracle,0.40800000000000003,5,attestation7698110294215
SECaaS,Oracle,total_oracle,0.053,5,attestation7698110479331
SECaaS,Oracle,total_oracle,0.132,5,attestation7698110469877
SECaaS,Oracle,total_oracle,0.058,5,attestation7698110482613
SECaaS,Oracle,total_oracle,0.146,5,attestation7698110477617
SECaaS,Oracle,total_oracle,0.088,6,attestation7698111153497
SECaaS,Oracle,total_oracle,1.982,6,attestation7698111152717
SECaaS,Oracle,total_oracle,3.92,6,attestation7698111155768
SECaaS,Oracle,total_oracle,5.899,6,attestation7698111154136
SECaaS,Oracle,total_oracle,0.058,6,attestation7698111335268
SECaaS,Oracle,total_oracle,0.139,6,attestation7698111333827
SECaaS,Oracle,total_oracle,0.217,6,attestation7698111335183
SECaaS,Oracle,total_oracle,0.044,6,attestation7698111334127
SECaaS,Oracle,total_oracle,0.061,6,attestation7698111511227
SECaaS,Oracle,total_oracle,0.066,6,attestation7698111524945
SECaaS,Oracle,total_oracle,0.167,6,attestation7698111527899
SECaaS,Oracle,total_oracle,0.256,6,attestation7698111522398
SECaaS,Oracle,total_oracle,0.07200000000000001,6,attestation7698111701498
SECaaS,Oracle,total_oracle,0.151,6,attestation7698111709170
SECaaS,Oracle,total_oracle,0.222,6,attestation7698111708295
SECaaS,Oracle,total_oracle,0.293,6,attestation7698111704807
SECaaS,Oracle,total_oracle,0.098,6,attestation7698111894307
SECaaS,Oracle,total_oracle,0.182,6,attestation7698111894615
SECaaS,Oracle,total_oracle,0.23900000000000002,6,attestation7698111887141
SECaaS,Oracle,total_oracle,0.322,6,attestation7698111885044
SECaaS,Oracle,total_oracle,0.082,6,attestation7698112075514
SECaaS,Oracle,total_oracle,0.166,6,attestation7698112071001
SECaaS,Oracle,total_oracle,0.254,6,attestation7698112071530
SECaaS,Oracle,total_oracle,0.332,6,attestation7698112062832
SECaaS,Oracle,total_oracle,0.075,7,attestation7698112756267
SECaaS,Oracle,total_oracle,1.93,7,attestation7698112753294
SECaaS,Oracle,total_oracle,3.918,7,attestation7698112758298
SECaaS,Oracle,total_oracle,5.955,7,attestation7698112757601
SECaaS,Oracle,total_oracle,0.062,7,attestation7698112931612
SECaaS,Oracle,total_oracle,0.138,7,attestation7698112936495
SECaaS,Oracle,total_oracle,0.254,7,attestation7698112938752
SECaaS,Oracle,total_oracle,0.061,7,attestation7698112933623
SECaaS,Oracle,total_oracle,0.079,7,attestation7698113128831
SECaaS,Oracle,total_oracle,0.15,7,attestation7698113129265
SECaaS,Oracle,total_oracle,0.213,7,attestation7698113111363
SECaaS,Oracle,total_oracle,0.28500000000000003,7,attestation7698113123448
SECaaS,Oracle,total_oracle,0.079,7,attestation7698113303278
SECaaS,Oracle,total_oracle,0.191,7,attestation7698113309938
SECaaS,Oracle,total_oracle,0.28600000000000003,7,attestation7698113308444
SECaaS,Oracle,total_oracle,0.353,7,attestation7698113307129
SECaaS,Oracle,total_oracle,0.08,7,attestation7698113499247
SECaaS,Oracle,total_oracle,0.167,7,attestation7698113482245
SECaaS,Oracle,total_oracle,0.241,7,attestation7698113483342
SECaaS,Oracle,total_oracle,0.313,7,attestation7698113489574
SECaaS,Oracle,total_oracle,0.096,7,attestation7698113673923
SECaaS,Oracle,total_oracle,0.19,7,attestation7698113676400
SECaaS,Oracle,total_oracle,0.274,7,attestation7698113678019
SECaaS,Oracle,total_oracle,0.362,7,attestation7698113671231
SECaaS,Oracle,total_oracle,0.09,8,attestation7698114359833
SECaaS,Oracle,total_oracle,2.05,8,attestation7698114359358
SECaaS,Oracle,total_oracle,4.051,8,attestation7698114356796
SECaaS,Oracle,total_oracle,6.027,8,attestation7698114357403
SECaaS,Oracle,total_oracle,0.082,8,attestation7698114537451
SECaaS,Oracle,total_oracle,0.20600000000000002,8,attestation7698114539646
SECaaS,Oracle,total_oracle,0.28300000000000003,8,attestation7698114538338
SECaaS,Oracle,total_oracle,0.368,8,attestation7698114532198
SECaaS,Oracle,total_oracle,0.055,8,attestation7698114716801
SECaaS,Oracle,total_oracle,0.08600000000000001,8,attestation7698114729876
SECaaS,Oracle,total_oracle,0.178,8,attestation7698114722707
SECaaS,Oracle,total_oracle,0.253,8,attestation7698114729275
SECaaS,Oracle,total_oracle,0.078,8,attestation7698114906927
SECaaS,Oracle,total_oracle,0.154,8,attestation7698114907022
SECaaS,Oracle,total_oracle,0.212,8,attestation7698114905697
SECaaS,Oracle,total_oracle,0.314,8,attestation7698114906774
SECaaS,Oracle,total_oracle,0.078,8,attestation7698115084460
SECaaS,Oracle,total_oracle,0.161,8,attestation7698115095352
SECaaS,Oracle,total_oracle,0.233,8,attestation7698115088451
SECaaS,Oracle,total_oracle,0.304,8,attestation7698115087667
SECaaS,Oracle,total_oracle,0.092,8,attestation7698115277818
SECaaS,Oracle,total_oracle,0.17400000000000002,8,attestation7698115272835
SECaaS,Oracle,total_oracle,0.243,8,attestation7698115271287
SECaaS,Oracle,total_oracle,0.322,8,attestation7698115262529
SECaaS,Oracle,total_oracle,0.099,9,attestation7698115954814
SECaaS,Oracle,total_oracle,2.047,9,attestation7698115955937
SECaaS,Oracle,total_oracle,4.021,9,attestation7698115956593
SECaaS,Oracle,total_oracle,6.08,9,attestation7698115954659
SECaaS,Oracle,total_oracle,0.088,9,attestation7698116139662
SECaaS,Oracle,total_oracle,0.176,9,attestation7698116138677
SECaaS,Oracle,total_oracle,0.253,9,attestation7698116131017
SECaaS,Oracle,total_oracle,0.325,9,attestation7698116135465
SECaaS,Oracle,total_oracle,0.08600000000000001,9,attestation7698116314154
SECaaS,Oracle,total_oracle,0.169,9,attestation7698116313200
SECaaS,Oracle,total_oracle,0.241,9,attestation7698116315790
SECaaS,Oracle,total_oracle,0.069,9,attestation7698116328083
SECaaS,Oracle,total_oracle,0.109,9,attestation7698116502086
SECaaS,Oracle,total_oracle,0.20800000000000002,9,attestation7698116501890
SECaaS,Oracle,total_oracle,0.275,9,attestation7698116502567
SECaaS,Oracle,total_oracle,0.36,9,attestation7698116499543
SECaaS,Oracle,total_oracle,0.075,9,attestation7698116688099
SECaaS,Oracle,total_oracle,0.165,9,attestation7698116686018
SECaaS,Oracle,total_oracle,0.248,9,attestation7698116681277
SECaaS,Oracle,total_oracle,0.322,9,attestation7698116682783
SECaaS,Oracle,total_oracle,0.07200000000000001,9,attestation7698116873701
SECaaS,Oracle,total_oracle,0.165,9,attestation7698116863095
SECaaS,Oracle,total_oracle,0.246,9,attestation7698116865989
SECaaS,Oracle,total_oracle,0.316,9,attestation7698116863373
SECaaS,Oracle,total_oracle,0.092,10,attestation7698117554307
SECaaS,Oracle,total_oracle,2.088,10,attestation7698117553655
SECaaS,Oracle,total_oracle,4.0680000000000005,10,attestation7698117558823
SECaaS,Oracle,total_oracle,6.042,10,attestation7698117557351
SECaaS,Oracle,total_oracle,0.073,10,attestation7698117737686
SECaaS,Oracle,total_oracle,0.154,10,attestation7698117739319
SECaaS,Oracle,total_oracle,0.225,10,attestation7698117738521
SECaaS,Oracle,total_oracle,0.328,10,attestation7698117733622
SECaaS,Oracle,total_oracle,0.055,10,attestation7698117918911
SECaaS,Oracle,total_oracle,0.132,10,attestation7698117912236
SECaaS,Oracle,total_oracle,0.081,10,attestation7698117926345
SECaaS,Oracle,total_oracle,0.164,10,attestation7698117913810
SECaaS,Oracle,total_oracle,0.079,10,attestation7698118107386
SECaaS,Oracle,total_oracle,0.153,10,attestation7698118105101
SECaaS,Oracle,total_oracle,0.228,10,attestation7698118093295
SECaaS,Oracle,total_oracle,0.292,10,attestation7698118094782
SECaaS,Oracle,total_oracle,0.076,10,attestation7698118288701
SECaaS,Oracle,total_oracle,0.191,10,attestation7698118283183
SECaaS,Oracle,total_oracle,0.28500000000000003,10,attestation7698118281505
SECaaS,Oracle,total_oracle,0.369,10,attestation7698118281688
SECaaS,Oracle,total_oracle,0.107,10,attestation7698118479733
SECaaS,Oracle,total_oracle,0.222,10,attestation7698118469267
SECaaS,Oracle,total_oracle,0.302,10,attestation7698118464676
SECaaS,Oracle,total_oracle,0.382,10,attestation7698118461590
SECaaS,Oracle,total_oracle,0.085,11,attestation7698119156020
SECaaS,Oracle,total_oracle,2.032,11,attestation7698119152730
SECaaS,Oracle,total_oracle,3.984,11,attestation7698119155007
SECaaS,Oracle,total_oracle,6.0360000000000005,11,attestation7698119154389
SECaaS,Oracle,total_oracle,0.07100000000000001,11,attestation7698119331191
SECaaS,Oracle,total_oracle,0.164,11,attestation7698119333456
SECaaS,Oracle,total_oracle,0.242,11,attestation7698119337528
SECaaS,Oracle,total_oracle,0.058,11,attestation7698119336391
SECaaS,Oracle,total_oracle,0.044,11,attestation7698119519219
SECaaS,Oracle,total_oracle,0.089,11,attestation7698119526967
SECaaS,Oracle,total_oracle,0.197,11,attestation7698119526659
SECaaS,Oracle,total_oracle,0.278,11,attestation7698119515340
SECaaS,Oracle,total_oracle,0.108,11,attestation7698119703911
SECaaS,Oracle,total_oracle,0.28,11,attestation7698119701152
SECaaS,Oracle,total_oracle,0.366,11,attestation7698119702358
SECaaS,Oracle,total_oracle,0.433,11,attestation7698119707130
SECaaS,Oracle,total_oracle,0.07200000000000001,11,attestation7698119899078
SECaaS,Oracle,total_oracle,0.176,11,attestation7698119888628
SECaaS,Oracle,total_oracle,0.277,11,attestation7698119889163
SECaaS,Oracle,total_oracle,0.35100000000000003,11,attestation7698119889976
SECaaS,Oracle,total_oracle,0.077,11,attestation7698120071768
SECaaS,Oracle,total_oracle,0.156,11,attestation7698120071816
SECaaS,Oracle,total_oracle,0.229,11,attestation7698120079975
SECaaS,Oracle,total_oracle,0.315,11,attestation7698120063852
