participant,run,role,metric,duration_s
Robot1,1,prover,e2e_blockchain,3.8804031450000003
Robot1,1,prover,e2e_blockchain,4.285852917000001
Robot1,1,prover,e2e_blockchain,4.73408685
Robot1,1,prover,e2e_blockchain,5.176890789
Robot1,1,prover,e2e_blockchain,5.577474197
Robot1,1,prover,e2e_blockchain,6.017649989
Robot1,1,prover,e2e_blockchain,4.455576476
Robot1,1,prover,e2e_blockchain,4.860185316
Robot1,1,prover,evidence_call,0.035150059
Robot1,1,prover,evidence_call,0.014034497
Robot1,1,prover,evidence_call,0.009809129
Robot1,1,prover,evidence_call,0.011245076
Robot1,1,prover,evidence_call,0.010561803
Robot1,1,prover,evidence_call,0.050874509000000005
Robot1,1,prover,evidence_call,0.007521161
Robot1,1,prover,evidence_call,0.007384191
Robot1,1,prover,total_lifecycle,3.952993889
Robot1,1,prover,total_lifecycle,4.367824063
Robot1,1,prover,total_lifecycle,4.77471964
Robot1,1,prover,total_lifecycle,5.232140607
Robot1,1,prover,total_lifecycle,5.692903386
Robot1,1,prover,total_lifecycle,6.060853375
Robot1,1,prover,total_lifecycle,4.514764733
Robot1,1,prover,total_lifecycle,4.954536336
Robot1,1,verifier,reaction_time,0.010543004
Robot1,1,verifier,reaction_time,0.005341747
Robot1,1,verifier,reaction_time,0.011759706
Robot1,1,verifier,reaction_time,0.031517382000000004
Robot1,1,verifier,reaction_time,0.002631346
Robot1,1,verifier,reaction_time,0.0039575800000000005
Robot1,1,verifier,signatures_fetch,0.007799965
Robot1,1,verifier,signatures_fetch,0.001776059
Robot1,1,verifier,signatures_fetch,0.002408096
Robot1,1,verifier,signatures_fetch,0.004513672
Robot1,1,verifier,signatures_fetch,0.001914296
Robot1,1,verifier,signatures_fetch,0.001903733
Robot1,1,verifier,verify_compute,6.49e-07
Robot1,1,verifier,verify_compute,5.37e-07
Robot1,1,verifier,verify_compute,7.89e-07
Robot1,1,verifier,verify_compute,6.74e-07
Robot1,1,verifier,verify_compute,5.95e-07
Robot1,1,verifier,verify_compute,6.25e-07
Robot1,1,verifier,result_call,0.010604158999999998
Robot1,1,verifier,result_call,0.010312034000000001
Robot1,1,verifier,result_call,0.017732504
Robot1,1,verifier,result_call,0.007735274
Robot1,1,verifier,result_call,0.010052801
Robot1,1,verifier,result_call,0.016485952999999998
Robot1,1,verifier,total_lifecycle,0.018662221
Robot1,1,verifier,total_lifecycle,0.01222555
Robot1,1,verifier,total_lifecycle,0.020210182
Robot1,1,verifier,total_lifecycle,0.012322089
Robot1,1,verifier,total_lifecycle,0.012136583
Robot1,1,verifier,total_lifecycle,0.018448575999999998
Robot1,2,prover,e2e_blockchain,2.820125061
Robot1,2,prover,e2e_blockchain,5.2755833249999995
Robot1,2,prover,e2e_blockchain,5.553125507
Robot1,2,prover,e2e_blockchain,5.948316205
Robot1,2,prover,e2e_blockchain,4.364421290999999
Robot1,2,prover,e2e_blockchain,4.651967856000001
Robot1,2,prover,e2e_blockchain,5.058969618
Robot1,2,prover,e2e_blockchain,5.451214781
Robot1,2,prover,evidence_call,0.05337252
Robot1,2,prover,evidence_call,0.007878861
Robot1,2,prover,evidence_call,0.007670853
Robot1,2,prover,evidence_call,0.009026089000000001
Robot1,2,prover,evidence_call,0.007692276
Robot1,2,prover,evidence_call,0.008095567000000001
Robot1,2,prover,evidence_call,0.011326787
Robot1,2,prover,evidence_call,0.010645036
Robot1,2,prover,total_lifecycle,2.901043399
Robot1,2,prover,total_lifecycle,5.325955422
Robot1,2,prover,total_lifecycle,5.761466399
Robot1,2,prover,total_lifecycle,6.048753614
Robot1,2,prover,total_lifecycle,4.470691104
Robot1,2,prover,total_lifecycle,4.850317986
Robot1,2,prover,total_lifecycle,5.158593711000001
Robot1,2,prover,total_lifecycle,5.566001471
Robot1,2,verifier,reaction_time,0.003492292
Robot1,2,verifier,reaction_time,0.002658655
Robot1,2,verifier,reaction_time,0.0021348630000000003
Robot1,2,verifier,reaction_time,0.002209297
Robot1,2,verifier,reaction_time,0.022170408
Robot1,2,verifier,reaction_time,0.003142381
Robot1,2,verifier,reaction_time,0.001875213
Robot1,2,verifier,reaction_time,0.00242449
Robot1,2,verifier,signatures_fetch,0.002876086
Robot1,2,verifier,signatures_fetch,0.00158281
Robot1,2,verifier,signatures_fetch,0.001525134
Robot1,2,verifier,signatures_fetch,0.001537383
Robot1,2,verifier,signatures_fetch,0.001755018
Robot1,2,verifier,signatures_fetch,0.001058215
Robot1,2,verifier,signatures_fetch,0.0019497770000000002
Robot1,2,verifier,signatures_fetch,0.001269755
Robot1,2,verifier,verify_compute,3.5799999999999995e-07
Robot1,2,verifier,verify_compute,6.29e-07
Robot1,2,verifier,verify_compute,1.034e-06
Robot1,2,verifier,verify_compute,6.58e-07
Robot1,2,verifier,verify_compute,6.33e-07
Robot1,2,verifier,verify_compute,7.86e-07
Robot1,2,verifier,verify_compute,9.61e-07
Robot1,2,verifier,verify_compute,6.37e-07
Robot1,2,verifier,result_call,0.008818943000000001
Robot1,2,verifier,result_call,0.006926697
Robot1,2,verifier,result_call,0.009058663
Robot1,2,verifier,result_call,0.008575063
Robot1,2,verifier,result_call,0.007665295999999999
Robot1,2,verifier,result_call,0.007067286
Robot1,2,verifier,result_call,0.008063924
Robot1,2,verifier,result_call,0.008744498
Robot1,2,verifier,total_lifecycle,0.011775494000000001
Robot1,2,verifier,total_lifecycle,0.009452128
Robot1,2,verifier,total_lifecycle,0.010677894
Robot1,2,verifier,total_lifecycle,0.010218203
Robot1,2,verifier,total_lifecycle,0.009487197
Robot1,2,verifier,total_lifecycle,0.008260121
Robot1,2,verifier,total_lifecycle,0.010134180000000001
Robot1,2,verifier,total_lifecycle,0.010167005
Robot2,1,prover,e2e_blockchain,3.902147673
Robot2,1,prover,e2e_blockchain,4.290088756
Robot2,1,prover,e2e_blockchain,4.705782357
Robot2,1,prover,e2e_blockchain,5.067660795
Robot2,1,prover,e2e_blockchain,5.469256476
Robot2,1,prover,e2e_blockchain,5.864082091999999
Robot2,1,prover,e2e_blockchain,4.252779337
Robot2,1,prover,e2e_blockchain,4.671499849
Robot2,1,prover,evidence_call,0.027098837
Robot2,1,prover,evidence_call,0.012839171
Robot2,1,prover,evidence_call,0.010651770000000001
Robot2,1,prover,evidence_call,0.012270731
Robot2,1,prover,evidence_call,0.00896536
Robot2,1,prover,evidence_call,0.021280352
Robot2,1,prover,evidence_call,0.008656454999999999
Robot2,1,prover,evidence_call,0.022530434
Robot2,1,prover,total_lifecycle,3.983327541
Robot2,1,prover,total_lifecycle,4.3581074420000006
Robot2,1,prover,total_lifecycle,4.82043473
Robot2,1,prover,total_lifecycle,5.1701512009999995
Robot2,1,prover,total_lifecycle,5.573484686
Robot2,1,prover,total_lifecycle,5.9679924369999995
Robot2,1,prover,total_lifecycle,4.361262491000001
Robot2,1,prover,total_lifecycle,4.765748112
Robot2,1,verifier,reaction_time,0.0033030560000000004
Robot2,1,verifier,reaction_time,0.003767255
Robot2,1,verifier,reaction_time,0.002851559
Robot2,1,verifier,reaction_time,0.00336316
Robot2,1,verifier,reaction_time,0.004320678
Robot2,1,verifier,reaction_time,0.005631654
Robot2,1,verifier,signatures_fetch,0.001853095
Robot2,1,verifier,signatures_fetch,0.001798528
Robot2,1,verifier,signatures_fetch,0.002216536
Robot2,1,verifier,signatures_fetch,0.0019122
Robot2,1,verifier,signatures_fetch,0.002494127
Robot2,1,verifier,signatures_fetch,0.0016033710000000001
Robot2,1,verifier,verify_compute,5.180000000000001e-07
Robot2,1,verifier,verify_compute,7.86e-07
Robot2,1,verifier,verify_compute,6.19e-07
Robot2,1,verifier,verify_compute,4.01e-07
Robot2,1,verifier,verify_compute,5.3e-07
Robot2,1,verifier,verify_compute,1.371e-06
Robot2,1,verifier,result_call,0.020045478
Robot2,1,verifier,result_call,0.007622086
Robot2,1,verifier,result_call,0.022042859
Robot2,1,verifier,result_call,0.00895897
Robot2,1,verifier,result_call,0.010683233
Robot2,1,verifier,result_call,0.007800607
Robot2,1,verifier,total_lifecycle,0.021985682
Robot2,1,verifier,total_lifecycle,0.009523391999999999
Robot2,1,verifier,total_lifecycle,0.024372146
Robot2,1,verifier,total_lifecycle,0.011028917
Robot2,1,verifier,total_lifecycle,0.013281689
Robot2,1,verifier,total_lifecycle,0.009473947
Robot2,2,prover,e2e_blockchain,2.862972944
Robot2,2,prover,e2e_blockchain,5.247472127
Robot2,2,prover,e2e_blockchain,5.647141199
Robot2,2,prover,e2e_blockchain,4.053090838
Robot2,2,prover,e2e_blockchain,4.455020173
Robot2,2,prover,e2e_blockchain,4.882702738
Robot2,2,prover,e2e_blockchain,5.239956016
Robot2,2,prover,e2e_blockchain,5.658503284
Robot2,2,prover,evidence_call,0.010293201
Robot2,2,prover,evidence_call,0.014790369999999999
Robot2,2,prover,evidence_call,0.009790077999999999
Robot2,2,prover,evidence_call,0.008221349
Robot2,2,prover,evidence_call,0.00824497
Robot2,2,prover,evidence_call,0.010573499
Robot2,2,prover,evidence_call,0.010140181
Robot2,2,prover,evidence_call,0.008251775999999999
Robot2,2,prover,total_lifecycle,2.9066409650000002
Robot2,2,prover,total_lifecycle,5.355044439
Robot2,2,prover,total_lifecycle,5.742483196
Robot2,2,prover,total_lifecycle,4.153235082
Robot2,2,prover,total_lifecycle,4.564960291
Robot2,2,prover,total_lifecycle,4.961517356
Robot2,2,prover,total_lifecycle,5.357396125
Robot2,2,prover,total_lifecycle,5.753821274
Robot2,2,verifier,reaction_time,0.010200684000000002
Robot2,2,verifier,reaction_time,0.004698178000000001
Robot2,2,verifier,reaction_time,0.003306451
Robot2,2,verifier,reaction_time,0.002887332
Robot2,2,verifier,reaction_time,0.003569823
Robot2,2,verifier,reaction_time,0.00491277
Robot2,2,verifier,reaction_time,0.00402912
Robot2,2,verifier,signatures_fetch,0.008103133
Robot2,2,verifier,signatures_fetch,0.0024951500000000002
Robot2,2,verifier,signatures_fetch,0.0020450010000000003
Robot2,2,verifier,signatures_fetch,0.001327537
Robot2,2,verifier,signatures_fetch,0.0015087310000000001
Robot2,2,verifier,signatures_fetch,0.001298603
Robot2,2,verifier,signatures_fetch,0.002097283
Robot2,2,verifier,verify_compute,7.159999999999999e-07
Robot2,2,verifier,verify_compute,5.64e-07
Robot2,2,verifier,verify_compute,9.14e-07
Robot2,2,verifier,verify_compute,7.4e-07
Robot2,2,verifier,verify_compute,5.730000000000001e-07
Robot2,2,verifier,verify_compute,5.57e-07
Robot2,2,verifier,verify_compute,7.739999999999999e-07
Robot2,2,verifier,result_call,0.016244239
Robot2,2,verifier,result_call,0.018419751999999998
Robot2,2,verifier,result_call,0.009401198000000001
Robot2,2,verifier,result_call,0.010381465999999999
Robot2,2,verifier,result_call,0.007914194
Robot2,2,verifier,result_call,0.013338272
Robot2,2,verifier,result_call,0.00877604
Robot2,2,verifier,total_lifecycle,0.02446031
Robot2,2,verifier,total_lifecycle,0.020996339
Robot2,2,verifier,total_lifecycle,0.011595352
Robot2,2,verifier,total_lifecycle,0.011830585
Robot2,2,verifier,total_lifecycle,0.009504721999999998
Robot2,2,verifier,total_lifecycle,0.014816194
Robot2,2,verifier,total_lifecycle,0.010952548
Robot3,1,prover,e2e_blockchain,3.918327524
Robot3,1,prover,e2e_blockchain,4.283794575
Robot3,1,prover,e2e_blockchain,4.674454282
Robot3,1,prover,e2e_blockchain,5.072942388
Robot3,1,prover,e2e_blockchain,5.465735428
Robot3,1,prover,e2e_blockchain,5.875409802
Robot3,1,prover,e2e_blockchain,4.2651913949999996
Robot3,1,prover,e2e_blockchain,4.579968302999999
Robot3,1,prover,evidence_call,0.030975796
Robot3,1,prover,evidence_call,0.011622875000000001
Robot3,1,prover,evidence_call,0.013103972
Robot3,1,prover,evidence_call,0.010073938999999999
Robot3,1,prover,evidence_call,0.010076415
Robot3,1,prover,evidence_call,0.011605727
Robot3,1,prover,evidence_call,0.008312586
Robot3,1,prover,evidence_call,0.008083650000000001
Robot3,1,prover,total_lifecycle,3.974736853
Robot3,1,prover,total_lifecycle,4.3654391409999995
Robot3,1,prover,total_lifecycle,4.804361066999999
Robot3,1,prover,total_lifecycle,5.166647075
Robot3,1,prover,total_lifecycle,5.578452424
Robot3,1,prover,total_lifecycle,5.959930311
Robot3,1,prover,total_lifecycle,4.367109677
Robot3,1,prover,total_lifecycle,4.779428686999999
Robot3,1,verifier,reaction_time,0.014856463
Robot3,1,verifier,reaction_time,0.0043084230000000005
Robot3,1,verifier,reaction_time,0.006727256
Robot3,1,verifier,reaction_time,0.01948859
Robot3,1,verifier,reaction_time,0.0024831470000000002
Robot3,1,verifier,reaction_time,0.003370066
Robot3,1,verifier,reaction_time,0.002946452
Robot3,1,verifier,reaction_time,0.016346294
Robot3,1,verifier,signatures_fetch,0.005882385
Robot3,1,verifier,signatures_fetch,0.002092568
Robot3,1,verifier,signatures_fetch,0.0021614520000000003
Robot3,1,verifier,signatures_fetch,0.006562409
Robot3,1,verifier,signatures_fetch,0.0012870619999999998
Robot3,1,verifier,signatures_fetch,0.0015805510000000001
Robot3,1,verifier,signatures_fetch,0.001353161
Robot3,1,verifier,signatures_fetch,0.003133112
Robot3,1,verifier,verify_compute,6.939999999999999e-07
Robot3,1,verifier,verify_compute,1.026e-06
Robot3,1,verifier,verify_compute,6.6e-07
Robot3,1,verifier,verify_compute,5.490000000000001e-07
Robot3,1,verifier,verify_compute,7.86e-07
Robot3,1,verifier,verify_compute,5.3e-07
Robot3,1,verifier,verify_compute,5.85e-07
Robot3,1,verifier,verify_compute,5.91e-07
Robot3,1,verifier,result_call,0.009223338999999999
Robot3,1,verifier,result_call,0.013945544999999998
Robot3,1,verifier,result_call,0.012086751
Robot3,1,verifier,result_call,0.00811024
Robot3,1,verifier,result_call,0.009987031
Robot3,1,verifier,result_call,0.008867687
Robot3,1,verifier,result_call,0.008506669
Robot3,1,verifier,result_call,0.009972854
Robot3,1,verifier,total_lifecycle,0.015293706
Robot3,1,verifier,total_lifecycle,0.016208752
Robot3,1,verifier,total_lifecycle,0.014393353
Robot3,1,verifier,total_lifecycle,0.014710996
Robot3,1,verifier,total_lifecycle,0.011380038
Robot3,1,verifier,total_lifecycle,0.010523583
Robot3,1,verifier,total_lifecycle,0.009940118999999999
Robot3,1,verifier,total_lifecycle,0.013142791000000001
Robot3,2,prover,e2e_blockchain,2.828429168
Robot3,2,prover,e2e_blockchain,5.239809372
Robot3,2,prover,e2e_blockchain,5.66831672
Robot3,2,prover,e2e_blockchain,4.055435628000001
Robot3,2,prover,e2e_blockchain,4.471110566999999
Robot3,2,prover,e2e_blockchain,4.819530599
Robot3,2,prover,e2e_blockchain,5.231608423
Robot3,2,prover,e2e_blockchain,5.674384328
Robot3,2,prover,evidence_call,0.008426023000000001
Robot3,2,prover,evidence_call,0.0073049840000000005
Robot3,2,prover,evidence_call,0.007243285
Robot3,2,prover,evidence_call,0.008627459
Robot3,2,prover,evidence_call,0.007403558
Robot3,2,prover,evidence_call,0.061114879000000004
Robot3,2,prover,evidence_call,0.00768762
Robot3,2,prover,evidence_call,0.0068431889999999995
Robot3,2,prover,total_lifecycle,2.890654954
Robot3,2,prover,total_lifecycle,5.350263495
Robot3,2,prover,total_lifecycle,5.726278407
Robot3,2,prover,total_lifecycle,4.153264943
Robot3,2,prover,total_lifecycle,4.570412997
Robot3,2,prover,total_lifecycle,4.9555001579999995
Robot3,2,prover,total_lifecycle,5.3273375640000005
Robot3,2,prover,total_lifecycle,5.739773655
Robot3,2,verifier,reaction_time,0.0031529630000000004
Robot3,2,verifier,reaction_time,0.015992375
Robot3,2,verifier,reaction_time,0.003316904
Robot3,2,verifier,reaction_time,0.0033669340000000002
Robot3,2,verifier,reaction_time,0.0023297530000000004
Robot3,2,verifier,reaction_time,0.0022464209999999997
Robot3,2,verifier,reaction_time,0.002358683
Robot3,2,verifier,signatures_fetch,0.001315394
Robot3,2,verifier,signatures_fetch,0.001835558
Robot3,2,verifier,signatures_fetch,0.0024672960000000003
Robot3,2,verifier,signatures_fetch,0.002580285
Robot3,2,verifier,signatures_fetch,0.0014073409999999999
Robot3,2,verifier,signatures_fetch,0.0014148750000000001
Robot3,2,verifier,signatures_fetch,0.001159902
Robot3,2,verifier,verify_compute,4.73e-07
Robot3,2,verifier,verify_compute,7.5e-07
Robot3,2,verifier,verify_compute,5.45e-07
Robot3,2,verifier,verify_compute,6.39e-07
Robot3,2,verifier,verify_compute,6.6e-07
Robot3,2,verifier,verify_compute,6.33e-07
Robot3,2,verifier,verify_compute,5.09e-07
Robot3,2,verifier,result_call,0.006464834
Robot3,2,verifier,result_call,0.019236133
Robot3,2,verifier,result_call,0.015371042
Robot3,2,verifier,result_call,0.00798272
Robot3,2,verifier,result_call,0.008178031
Robot3,2,verifier,result_call,0.009349864999999999
Robot3,2,verifier,result_call,0.008664555
Robot3,2,verifier,total_lifecycle,0.007942318
Robot3,2,verifier,total_lifecycle,0.021150743
Robot3,2,verifier,total_lifecycle,0.017957281999999998
Robot3,2,verifier,total_lifecycle,0.010707006
Robot3,2,verifier,total_lifecycle,0.009725876
Robot3,2,verifier,total_lifecycle,0.011023909
Robot3,2,verifier,total_lifecycle,0.009888754000000001
Robot4,1,prover,e2e_blockchain,3.818886896
Robot4,1,prover,e2e_blockchain,4.193225606
Robot4,1,prover,e2e_blockchain,4.5772253460000005
Robot4,1,prover,e2e_blockchain,4.974256404
Robot4,1,prover,e2e_blockchain,5.380038076
Robot4,1,prover,e2e_blockchain,5.649527093
Robot4,1,prover,e2e_blockchain,4.068143673
Robot4,1,prover,e2e_blockchain,4.457373992
Robot4,1,prover,evidence_call,0.029287457
Robot4,1,prover,evidence_call,0.010892246
Robot4,1,prover,evidence_call,0.008560416
Robot4,1,prover,evidence_call,0.007538787
Robot4,1,prover,evidence_call,0.012203042
Robot4,1,prover,evidence_call,0.005757482
Robot4,1,prover,evidence_call,0.007180341999999999
Robot4,1,prover,evidence_call,0.021568432999999998
Robot4,1,prover,total_lifecycle,3.969209715
Robot4,1,prover,total_lifecycle,4.300377945
Robot4,1,prover,total_lifecycle,4.695435403
Robot4,1,prover,total_lifecycle,5.073927196
Robot4,1,prover,total_lifecycle,5.479261511
Robot4,1,prover,total_lifecycle,5.864107183
Robot4,1,prover,total_lifecycle,4.1514506540000005
Robot4,1,prover,total_lifecycle,4.562625128
Robot4,1,verifier,reaction_time,0.012278748
Robot4,1,verifier,reaction_time,0.040242471
Robot4,1,verifier,reaction_time,0.0028107669999999996
Robot4,1,verifier,reaction_time,0.016678862
Robot4,1,verifier,reaction_time,0.002923067
Robot4,1,verifier,reaction_time,0.00249195
Robot4,1,verifier,reaction_time,0.007214896
Robot4,1,verifier,reaction_time,0.018150451
Robot4,1,verifier,signatures_fetch,0.006323086
Robot4,1,verifier,signatures_fetch,0.004517032000000001
Robot4,1,verifier,signatures_fetch,0.0013782900000000001
Robot4,1,verifier,signatures_fetch,0.002500005
Robot4,1,verifier,signatures_fetch,0.004234121
Robot4,1,verifier,signatures_fetch,0.0018535980000000001
Robot4,1,verifier,signatures_fetch,0.006861047
Robot4,1,verifier,signatures_fetch,0.002644172
Robot4,1,verifier,verify_compute,8.74e-07
Robot4,1,verifier,verify_compute,9.25e-07
Robot4,1,verifier,verify_compute,7.66e-07
Robot4,1,verifier,verify_compute,5.06e-07
Robot4,1,verifier,verify_compute,5.37e-07
Robot4,1,verifier,verify_compute,7.44e-07
Robot4,1,verifier,verify_compute,7.280000000000001e-07
Robot4,1,verifier,verify_compute,7.75e-07
Robot4,1,verifier,result_call,0.018369129
Robot4,1,verifier,result_call,0.010602092
Robot4,1,verifier,result_call,0.012077543999999999
Robot4,1,verifier,result_call,0.019096988
Robot4,1,verifier,result_call,0.013173678000000001
Robot4,1,verifier,result_call,0.011212811
Robot4,1,verifier,result_call,0.015774857
Robot4,1,verifier,result_call,0.006864212000000001
Robot4,1,verifier,total_lifecycle,0.02498887
Robot4,1,verifier,total_lifecycle,0.015203334
Robot4,1,verifier,total_lifecycle,0.013525173
Robot4,1,verifier,total_lifecycle,0.021643227
Robot4,1,verifier,total_lifecycle,0.017507276000000002
Robot4,1,verifier,total_lifecycle,0.013165365
Robot4,1,verifier,total_lifecycle,0.022762867
Robot4,1,verifier,total_lifecycle,0.009564985
Robot4,2,prover,e2e_blockchain,2.771376032
Robot4,2,prover,e2e_blockchain,5.073448058
Robot4,2,prover,e2e_blockchain,5.4511737
Robot4,2,prover,e2e_blockchain,5.857656757
Robot4,2,prover,e2e_blockchain,4.260100115
Robot4,2,prover,e2e_blockchain,4.643764503000001
Robot4,2,prover,e2e_blockchain,5.047239556
Robot4,2,prover,e2e_blockchain,5.458146992
Robot4,2,prover,evidence_call,0.007210436
Robot4,2,prover,evidence_call,0.011194962999999999
Robot4,2,prover,evidence_call,0.009255184
Robot4,2,prover,evidence_call,0.007336979
Robot4,2,prover,evidence_call,0.006604857
Robot4,2,prover,evidence_call,0.008574567
Robot4,2,prover,evidence_call,0.009104891
Robot4,2,prover,evidence_call,0.008762151
Robot4,2,prover,total_lifecycle,2.8932814760000003
Robot4,2,prover,total_lifecycle,5.277127458
Robot4,2,prover,total_lifecycle,5.557159816
Robot4,2,prover,total_lifecycle,5.9650926570000005
Robot4,2,prover,total_lifecycle,4.349016866
Robot4,2,prover,total_lifecycle,4.750905114999999
Robot4,2,prover,total_lifecycle,5.143743258000001
Robot4,2,prover,total_lifecycle,5.5639258719999996
Robot4,2,verifier,reaction_time,0.005868966999999999
Robot4,2,verifier,reaction_time,0.003391251
Robot4,2,verifier,reaction_time,0.002612196
Robot4,2,verifier,reaction_time,0.003671524
Robot4,2,verifier,reaction_time,0.009963793
Robot4,2,verifier,reaction_time,0.002911978
Robot4,2,verifier,signatures_fetch,0.001602567
Robot4,2,verifier,signatures_fetch,0.002198622
Robot4,2,verifier,signatures_fetch,0.0020422129999999998
Robot4,2,verifier,signatures_fetch,0.00158761
Robot4,2,verifier,signatures_fetch,0.00402231
Robot4,2,verifier,signatures_fetch,0.002578132
Robot4,2,verifier,verify_compute,6.47e-07
Robot4,2,verifier,verify_compute,7.87e-07
Robot4,2,verifier,verify_compute,5.820000000000001e-07
Robot4,2,verifier,verify_compute,5e-07
Robot4,2,verifier,verify_compute,7.45e-07
Robot4,2,verifier,verify_compute,4.55e-07
Robot4,2,verifier,result_call,0.015971344999999998
Robot4,2,verifier,result_call,0.033035978
Robot4,2,verifier,result_call,0.011420352
Robot4,2,verifier,result_call,0.01257294
Robot4,2,verifier,result_call,0.015610685999999999
Robot4,2,verifier,result_call,0.013348573999999998
Robot4,2,verifier,total_lifecycle,0.017633189
Robot4,2,verifier,total_lifecycle,0.035339384
Robot4,2,verifier,total_lifecycle,0.013518414
Robot4,2,verifier,total_lifecycle,0.014276685
Robot4,2,verifier,total_lifecycle,0.019806374999999998
Robot4,2,verifier,total_lifecycle,0.015973099
SECaaS,1,verifier,reaction_time,0.020747742
SECaaS,1,verifier,reaction_time,0.230489038
SECaaS,1,verifier,reaction_time,0.354444215
SECaaS,1,verifier,reaction_time,0.491305076
SECaaS,1,verifier,signatures_fetch,0.016048614
SECaaS,1,verifier,signatures_fetch,0.016076612
SECaaS,1,verifier,signatures_fetch,0.025902246
SECaaS,1,verifier,signatures_fetch,0.032231380999999996
SECaaS,1,verifier,verify_compute,1.7933000000000003e-05
SECaaS,1,verifier,verify_compute,1.761e-06
SECaaS,1,verifier,verify_compute,1.6930000000000001e-06
SECaaS,1,verifier,verify_compute,1.7739999999999999e-06
SECaaS,1,verifier,result_call,0.111560107
SECaaS,1,verifier,result_call,0.06499149
SECaaS,1,verifier,result_call,0.062360623
SECaaS,1,verifier,result_call,0.065939389
SECaaS,1,verifier,total_lifecycle,0.21088089
SECaaS,1,verifier,total_lifecycle,0.142766379
SECaaS,1,verifier,total_lifecycle,0.14378685200000002
SECaaS,1,verifier,total_lifecycle,0.169800963
SECaaS,1,oracle,reaction_time,0.020747742
SECaaS,1,oracle,reaction_time,0.230489038
SECaaS,1,oracle,reaction_time,0.354444215
SECaaS,1,oracle,reaction_time,0.491305076
SECaaS,1,oracle,reaction_time,0.022606848
SECaaS,1,oracle,reaction_time,0.150201753
SECaaS,1,oracle,reaction_time,0.28156793900000004
SECaaS,1,oracle,reaction_time,0.326576431
SECaaS,1,oracle,reaction_time,0.012298285999999999
SECaaS,1,oracle,reaction_time,0.15577940799999998
SECaaS,1,oracle,reaction_time,0.249163422
SECaaS,1,oracle,reaction_time,0.378411565
SECaaS,1,oracle,reaction_time,0.011851451
SECaaS,1,oracle,reaction_time,0.109730127
SECaaS,1,oracle,reaction_time,0.16126126500000001
SECaaS,1,oracle,reaction_time,0.210719596
SECaaS,1,oracle,reaction_time,0.011310269999999999
SECaaS,1,oracle,reaction_time,0.079289939
SECaaS,1,oracle,reaction_time,0.132853783
SECaaS,1,oracle,reaction_time,0.178540358
SECaaS,1,oracle,reaction_time,0.017054882
SECaaS,1,oracle,reaction_time,0.15529902
SECaaS,1,oracle,reaction_time,0.217857976
SECaaS,1,oracle,reaction_time,0.284261262
SECaaS,1,oracle,reaction_time,0.009961323
SECaaS,1,oracle,reaction_time,0.111002921
SECaaS,1,oracle,reaction_time,0.179925587
SECaaS,1,oracle,reaction_time,0.25228459000000003
SECaaS,1,oracle,reaction_time,0.010021449
SECaaS,1,oracle,reaction_time,0.10677755600000001
SECaaS,1,oracle,reaction_time,0.14983078800000002
SECaaS,1,oracle,reaction_time,0.20793703600000002
SECaaS,1,oracle,prover_addr_fetch,0.040611574
SECaaS,1,oracle,prover_addr_fetch,0.021759914999999998
SECaaS,1,oracle,prover_addr_fetch,0.023364577
SECaaS,1,oracle,prover_addr_fetch,0.03186139
SECaaS,1,oracle,prover_addr_fetch,0.02063755
SECaaS,1,oracle,prover_addr_fetch,0.025237242
SECaaS,1,oracle,prover_addr_fetch,0.013880833
SECaaS,1,oracle,prover_addr_fetch,0.01173662
SECaaS,1,oracle,prover_addr_fetch,0.027665299999999997
SECaaS,1,oracle,prover_addr_fetch,0.017301516
SECaaS,1,oracle,prover_addr_fetch,0.021485952000000003
SECaaS,1,oracle,prover_addr_fetch,0.020586124
SECaaS,1,oracle,prover_addr_fetch,0.020325576999999997
SECaaS,1,oracle,prover_addr_fetch,0.009903871
SECaaS,1,oracle,prover_addr_fetch,0.011517946
SECaaS,1,oracle,prover_addr_fetch,0.014711621
SECaaS,1,oracle,prover_addr_fetch,0.009442421
SECaaS,1,oracle,prover_addr_fetch,0.013489655000000001
SECaaS,1,oracle,prover_addr_fetch,0.008980745
SECaaS,1,oracle,prover_addr_fetch,0.010093526
SECaaS,1,oracle,prover_addr_fetch,0.026206592
SECaaS,1,oracle,prover_addr_fetch,0.012703213999999999
SECaaS,1,oracle,prover_addr_fetch,0.013004602
SECaaS,1,oracle,prover_addr_fetch,0.011047556
SECaaS,1,oracle,prover_addr_fetch,0.017279816
SECaaS,1,oracle,prover_addr_fetch,0.012068737999999999
SECaaS,1,oracle,prover_addr_fetch,0.016227696000000003
SECaaS,1,oracle,prover_addr_fetch,0.012189943
SECaaS,1,oracle,prover_addr_fetch,0.014419105
SECaaS,1,oracle,prover_addr_fetch,0.010672942000000001
SECaaS,1,oracle,prover_addr_fetch,0.00976605
SECaaS,1,oracle,prover_addr_fetch,0.009357408
SECaaS,1,oracle,db_lookup,0.002158044
SECaaS,1,oracle,db_lookup,0.000887854
SECaaS,1,oracle,db_lookup,0.0010090049999999999
SECaaS,1,oracle,db_lookup,0.00137615
SECaaS,1,oracle,db_lookup,0.0065242089999999996
SECaaS,1,oracle,db_lookup,0.001467881
SECaaS,1,oracle,db_lookup,0.000858505
SECaaS,1,oracle,db_lookup,0.0008437529999999999
SECaaS,1,oracle,db_lookup,0.0026813289999999997
SECaaS,1,oracle,db_lookup,0.000908563
SECaaS,1,oracle,db_lookup,0.0010477639999999999
SECaaS,1,oracle,db_lookup,0.002906079
SECaaS,1,oracle,db_lookup,0.001568322
SECaaS,1,oracle,db_lookup,0.000942785
SECaaS,1,oracle,db_lookup,0.000886714
SECaaS,1,oracle,db_lookup,0.000888587
SECaaS,1,oracle,db_lookup,0.001736159
SECaaS,1,oracle,db_lookup,0.001030725
SECaaS,1,oracle,db_lookup,0.000988556
SECaaS,1,oracle,db_lookup,0.0009096330000000001
SECaaS,1,oracle,db_lookup,0.002857093
SECaaS,1,oracle,db_lookup,0.000901569
SECaaS,1,oracle,db_lookup,0.001695864
SECaaS,1,oracle,db_lookup,0.000877992
SECaaS,1,oracle,db_lookup,0.004998079
SECaaS,1,oracle,db_lookup,0.000792637
SECaaS,1,oracle,db_lookup,0.001079687
SECaaS,1,oracle,db_lookup,0.0009224869999999999
SECaaS,1,oracle,db_lookup,0.001681
SECaaS,1,oracle,db_lookup,0.001102484
SECaaS,1,oracle,db_lookup,0.0009542589999999999
SECaaS,1,oracle,db_lookup,0.001806792
SECaaS,1,oracle,ref_signature_call,0.074210837
SECaaS,1,oracle,ref_signature_call,0.065037704
SECaaS,1,oracle,ref_signature_call,0.04019028
SECaaS,1,oracle,ref_signature_call,0.03467911
SECaaS,1,oracle,ref_signature_call,0.060684032
SECaaS,1,oracle,ref_signature_call,0.052777478
SECaaS,1,oracle,ref_signature_call,0.08015230200000001
SECaaS,1,oracle,ref_signature_call,0.072410854
SECaaS,1,oracle,ref_signature_call,0.038522593
SECaaS,1,oracle,ref_signature_call,0.030550632
SECaaS,1,oracle,ref_signature_call,0.030341553
SECaaS,1,oracle,ref_signature_call,0.046195052
SECaaS,1,oracle,ref_signature_call,0.046778504
SECaaS,1,oracle,ref_signature_call,0.033084562
SECaaS,1,oracle,ref_signature_call,0.031332304
SECaaS,1,oracle,ref_signature_call,0.031500625
SECaaS,1,oracle,ref_signature_call,0.071121865
SECaaS,1,oracle,ref_signature_call,0.044064638
SECaaS,1,oracle,ref_signature_call,0.042662621000000005
SECaaS,1,oracle,ref_signature_call,0.034708605
SECaaS,1,oracle,ref_signature_call,0.048004387
SECaaS,1,oracle,ref_signature_call,0.034761435
SECaaS,1,oracle,ref_signature_call,0.03877519
SECaaS,1,oracle,ref_signature_call,0.033273923000000004
SECaaS,1,oracle,ref_signature_call,0.052152063
SECaaS,1,oracle,ref_signature_call,0.034915249
SECaaS,1,oracle,ref_signature_call,0.035788237
SECaaS,1,oracle,ref_signature_call,0.039306845
SECaaS,1,oracle,total_lifecycle,0.144562925
SECaaS,1,oracle,total_lifecycle,0.14199125799999998
SECaaS,1,oracle,total_lifecycle,0.075144624
SECaaS,1,oracle,total_lifecycle,0.068323894
SECaaS,1,oracle,total_lifecycle,0.150941794
SECaaS,1,oracle,total_lifecycle,0.106798627
SECaaS,1,oracle,total_lifecycle,0.147619314
SECaaS,1,oracle,total_lifecycle,0.12800946400000002
SECaaS,1,oracle,total_lifecycle,0.09096140900000001
SECaaS,1,oracle,total_lifecycle,0.059396528000000004
SECaaS,1,oracle,total_lifecycle,0.060643019
SECaaS,1,oracle,total_lifecycle,0.079244275
SECaaS,1,oracle,total_lifecycle,0.07734383099999999
SECaaS,1,oracle,total_lifecycle,0.068949024
SECaaS,1,oracle,total_lifecycle,0.057880986
SECaaS,1,oracle,total_lifecycle,0.058339975
SECaaS,1,oracle,total_lifecycle,0.138841061
SECaaS,1,oracle,total_lifecycle,0.079004473
SECaaS,1,oracle,total_lifecycle,0.081450681
SECaaS,1,oracle,total_lifecycle,0.064911884
SECaaS,1,oracle,total_lifecycle,0.10201505899999999
SECaaS,1,oracle,total_lifecycle,0.08071602900000001
SECaaS,1,oracle,total_lifecycle,0.074645611
SECaaS,1,oracle,total_lifecycle,0.064487362
SECaaS,1,oracle,total_lifecycle,0.09692163200000001
SECaaS,1,oracle,total_lifecycle,0.063531559
SECaaS,1,oracle,total_lifecycle,0.064682119
SECaaS,1,oracle,total_lifecycle,0.06645187400000001
SECaaS,2,verifier,reaction_time,0.020239387
SECaaS,2,verifier,reaction_time,0.140216387
SECaaS,2,verifier,reaction_time,0.18416855799999998
SECaaS,2,verifier,reaction_time,0.250900256
SECaaS,2,verifier,signatures_fetch,0.009708709000000001
SECaaS,2,verifier,signatures_fetch,0.008396652
SECaaS,2,verifier,signatures_fetch,0.02351222
SECaaS,2,verifier,signatures_fetch,0.007235778
SECaaS,2,verifier,verify_compute,1.614e-06
SECaaS,2,verifier,verify_compute,9.77e-07
SECaaS,2,verifier,verify_compute,9.9e-07
SECaaS,2,verifier,verify_compute,7.179999999999999e-07
SECaaS,2,verifier,result_call,0.044892098
SECaaS,2,verifier,result_call,0.028249049
SECaaS,2,verifier,result_call,0.027886607
SECaaS,2,verifier,result_call,0.026935763
SECaaS,2,verifier,total_lifecycle,0.125271047
SECaaS,2,verifier,total_lifecycle,0.064405292
SECaaS,2,verifier,total_lifecycle,0.076829894
SECaaS,2,verifier,total_lifecycle,0.05769602
SECaaS,2,oracle,reaction_time,0.020239387
SECaaS,2,oracle,reaction_time,0.140216387
SECaaS,2,oracle,reaction_time,0.18416855799999998
SECaaS,2,oracle,reaction_time,0.250900256
SECaaS,2,oracle,reaction_time,0.012769781999999999
SECaaS,2,oracle,reaction_time,0.134010284
SECaaS,2,oracle,reaction_time,0.220742443
SECaaS,2,oracle,reaction_time,0.290595196
SECaaS,2,oracle,reaction_time,0.021535309000000002
SECaaS,2,oracle,reaction_time,0.104274901
SECaaS,2,oracle,reaction_time,0.155377607
SECaaS,2,oracle,reaction_time,0.198725705
SECaaS,2,oracle,reaction_time,0.017350548
SECaaS,2,oracle,reaction_time,0.094159076
SECaaS,2,oracle,reaction_time,0.025133138
SECaaS,2,oracle,reaction_time,0.093795254
SECaaS,2,oracle,reaction_time,0.011409782
SECaaS,2,oracle,reaction_time,0.16746738
SECaaS,2,oracle,reaction_time,0.231258868
SECaaS,2,oracle,reaction_time,0.30496932099999996
SECaaS,2,oracle,reaction_time,0.030211624
SECaaS,2,oracle,reaction_time,0.136478138
SECaaS,2,oracle,reaction_time,0.18520001300000002
SECaaS,2,oracle,reaction_time,0.237213703
SECaaS,2,oracle,reaction_time,0.038097162
SECaaS,2,oracle,reaction_time,0.13345508
SECaaS,2,oracle,reaction_time,0.16298769200000002
SECaaS,2,oracle,reaction_time,0.23962096500000002
SECaaS,2,oracle,reaction_time,0.01965426
SECaaS,2,oracle,reaction_time,0.13964791
SECaaS,2,oracle,reaction_time,0.18287519
SECaaS,2,oracle,reaction_time,0.240706819
SECaaS,2,oracle,prover_addr_fetch,0.033360778
SECaaS,2,oracle,prover_addr_fetch,0.011969077
SECaaS,2,oracle,prover_addr_fetch,0.009343543000000001
SECaaS,2,oracle,prover_addr_fetch,0.007715287
SECaaS,2,oracle,prover_addr_fetch,0.015970209
SECaaS,2,oracle,prover_addr_fetch,0.01821981
SECaaS,2,oracle,prover_addr_fetch,0.015127416999999999
SECaaS,2,oracle,prover_addr_fetch,0.015893960999999998
SECaaS,2,oracle,prover_addr_fetch,0.016734895000000003
SECaaS,2,oracle,prover_addr_fetch,0.009789873
SECaaS,2,oracle,prover_addr_fetch,0.008404501
SECaaS,2,oracle,prover_addr_fetch,0.0075538540000000005
SECaaS,2,oracle,prover_addr_fetch,0.024069715999999998
SECaaS,2,oracle,prover_addr_fetch,0.010384025
SECaaS,2,oracle,prover_addr_fetch,0.029968595
SECaaS,2,oracle,prover_addr_fetch,0.010844037
SECaaS,2,oracle,prover_addr_fetch,0.04593092
SECaaS,2,oracle,prover_addr_fetch,0.013975038
SECaaS,2,oracle,prover_addr_fetch,0.01277506
SECaaS,2,oracle,prover_addr_fetch,0.011522907
SECaaS,2,oracle,prover_addr_fetch,0.047334364000000004
SECaaS,2,oracle,prover_addr_fetch,0.021486388999999998
SECaaS,2,oracle,prover_addr_fetch,0.00882776
SECaaS,2,oracle,prover_addr_fetch,0.008838249
SECaaS,2,oracle,prover_addr_fetch,0.015253228
SECaaS,2,oracle,prover_addr_fetch,0.009347809
SECaaS,2,oracle,prover_addr_fetch,0.021405316
SECaaS,2,oracle,prover_addr_fetch,0.009495817
SECaaS,2,oracle,prover_addr_fetch,0.027101297
SECaaS,2,oracle,prover_addr_fetch,0.010061633
SECaaS,2,oracle,prover_addr_fetch,0.023705353
SECaaS,2,oracle,prover_addr_fetch,0.008785981
SECaaS,2,oracle,db_lookup,0.002137216
SECaaS,2,oracle,db_lookup,0.000793485
SECaaS,2,oracle,db_lookup,0.000877797
SECaaS,2,oracle,db_lookup,0.001061165
SECaaS,2,oracle,db_lookup,0.002521142
SECaaS,2,oracle,db_lookup,0.0010176529999999999
SECaaS,2,oracle,db_lookup,0.001387135
SECaaS,2,oracle,db_lookup,0.0010497669999999998
SECaaS,2,oracle,db_lookup,0.002152639
SECaaS,2,oracle,db_lookup,0.001001185
SECaaS,2,oracle,db_lookup,0.00091967
SECaaS,2,oracle,db_lookup,0.0009379849999999999
SECaaS,2,oracle,db_lookup,0.001062397
SECaaS,2,oracle,db_lookup,0.00092916
SECaaS,2,oracle,db_lookup,0.001590954
SECaaS,2,oracle,db_lookup,0.00080566
SECaaS,2,oracle,db_lookup,0.003770878
SECaaS,2,oracle,db_lookup,0.000963642
SECaaS,2,oracle,db_lookup,0.000807985
SECaaS,2,oracle,db_lookup,0.000991579
SECaaS,2,oracle,db_lookup,0.002461532
SECaaS,2,oracle,db_lookup,0.0011653
SECaaS,2,oracle,db_lookup,0.000988173
SECaaS,2,oracle,db_lookup,0.000918666
SECaaS,2,oracle,db_lookup,0.002255543
SECaaS,2,oracle,db_lookup,0.0008729219999999999
SECaaS,2,oracle,db_lookup,0.000931793
SECaaS,2,oracle,db_lookup,0.000811611
SECaaS,2,oracle,db_lookup,0.003286054
SECaaS,2,oracle,db_lookup,0.000775684
SECaaS,2,oracle,db_lookup,0.000993951
SECaaS,2,oracle,db_lookup,0.000894354
SECaaS,2,oracle,ref_signature_call,0.049593125
SECaaS,2,oracle,ref_signature_call,0.062824951
SECaaS,2,oracle,ref_signature_call,0.042581881
SECaaS,2,oracle,ref_signature_call,0.039105503
SECaaS,2,oracle,ref_signature_call,0.028833921
SECaaS,2,oracle,ref_signature_call,0.039430644
SECaaS,2,oracle,ref_signature_call,0.027541633
SECaaS,2,oracle,ref_signature_call,0.031764243
SECaaS,2,oracle,ref_signature_call,0.039557586
SECaaS,2,oracle,ref_signature_call,0.032104205000000004
SECaaS,2,oracle,ref_signature_call,0.033934824999999995
SECaaS,2,oracle,ref_signature_call,0.033797872
SECaaS,2,oracle,ref_signature_call,0.044511249999999995
SECaaS,2,oracle,ref_signature_call,0.044191974
SECaaS,2,oracle,ref_signature_call,0.046631087
SECaaS,2,oracle,ref_signature_call,0.042506036000000004
SECaaS,2,oracle,ref_signature_call,0.038928764
SECaaS,2,oracle,ref_signature_call,0.030383265000000003
SECaaS,2,oracle,ref_signature_call,0.033524038
SECaaS,2,oracle,ref_signature_call,0.031597365
SECaaS,2,oracle,ref_signature_call,0.051664999
SECaaS,2,oracle,ref_signature_call,0.037380011000000005
SECaaS,2,oracle,ref_signature_call,0.031608608
SECaaS,2,oracle,ref_signature_call,0.029685061999999998
SECaaS,2,oracle,ref_signature_call,0.032460983
SECaaS,2,oracle,ref_signature_call,0.030688959000000002
SECaaS,2,oracle,ref_signature_call,0.030370891
SECaaS,2,oracle,ref_signature_call,0.029829109
SECaaS,2,oracle,total_lifecycle,0.123569765
SECaaS,2,oracle,total_lifecycle,0.106120512
SECaaS,2,oracle,total_lifecycle,0.08701257
SECaaS,2,oracle,total_lifecycle,0.073824815
SECaaS,2,oracle,total_lifecycle,0.089386735
SECaaS,2,oracle,total_lifecycle,0.06709918399999999
SECaaS,2,oracle,total_lifecycle,0.052353963
SECaaS,2,oracle,total_lifecycle,0.057319284000000005
SECaaS,2,oracle,total_lifecycle,0.08652
SECaaS,2,oracle,total_lifecycle,0.061866219
SECaaS,2,oracle,total_lifecycle,0.085268934
SECaaS,2,oracle,total_lifecycle,0.064393085
SECaaS,2,oracle,total_lifecycle,0.15971006299999999
SECaaS,2,oracle,total_lifecycle,0.089004604
SECaaS,2,oracle,total_lifecycle,0.078927279
SECaaS,2,oracle,total_lifecycle,0.083450054
SECaaS,2,oracle,total_lifecycle,0.120596862
SECaaS,2,oracle,total_lifecycle,0.068526616
SECaaS,2,oracle,total_lifecycle,0.064411897
SECaaS,2,oracle,total_lifecycle,0.057699402
SECaaS,2,oracle,total_lifecycle,0.112481867
SECaaS,2,oracle,total_lifecycle,0.064991066
SECaaS,2,oracle,total_lifecycle,0.083854814
SECaaS,2,oracle,total_lifecycle,0.064378727
SECaaS,2,oracle,total_lifecycle,0.121448191
SECaaS,2,oracle,total_lifecycle,0.05727179
SECaaS,2,oracle,total_lifecycle,0.07209924599999999
SECaaS,2,oracle,total_lifecycle,0.065555402
