n_robots,mode,participant,run,role,metric,run_mean_s,participant_group
4,continuous,Robot1,1,prover,e2e_blockchain,4.9035941231818185,Robot
4,continuous,Robot1,1,prover,evidence_call,0.01789466009090909,Robot
4,continuous,Robot1,1,prover,total_lifecycle,5.073314704363636,Robot
4,continuous,Robot1,1,verifier,reaction_time,0.006553180333333334,Robot
4,continuous,Robot1,1,verifier,result_call,0.013558306999999999,Robot
4,continuous,Robot1,1,verifier,signatures_fetch,0.0038522003333333332,Robot
4,continuous,Robot1,1,verifier,total_lifecycle,0.017498782555555554,Robot
4,continuous,Robot1,1,verifier,verify_compute,6.91e-07,Robot
4,continuous,Robot1,2,prover,e2e_blockchain,5.022404739181818,Robot
4,continuous,Robot1,2,prover,evidence_call,0.018928440909090908,Robot
4,continuous,Robot1,2,prover,total_lifecycle,5.193209231272728,Robot
4,continuous,Robot1,2,verifier,reaction_time,0.0057118419,Robot
4,continuous,Robot1,2,verifier,result_call,0.0106519585,Robot
4,continuous,Robot1,2,verifier,signatures_fetch,0.0036942247999999997,Robot
4,continuous,Robot1,2,verifier,total_lifecycle,0.014422412700000001,Robot
4,continuous,Robot1,2,verifier,verify_compute,8.097000000000001e-07,Robot
4,continuous,Robot1,3,prover,e2e_blockchain,5.186374455181818,Robot
4,continuous,Robot1,3,prover,evidence_call,0.01579842263636364,Robot
4,continuous,Robot1,3,prover,total_lifecycle,5.352896774090909,Robot
4,continuous,Robot1,3,verifier,reaction_time,0.010724550153846154,Robot
4,continuous,Robot1,3,verifier,result_call,0.010636957538461538,Robot
4,continuous,Robot1,3,verifier,signatures_fetch,0.004579195153846154,Robot
4,continuous,Robot1,3,verifier,total_lifecycle,0.01528241253846154,Robot
4,continuous,Robot1,3,verifier,verify_compute,6.843076923076922e-07,Robot
4,continuous,Robot1,4,prover,e2e_blockchain,4.888181377636363,Robot
4,continuous,Robot1,4,prover,evidence_call,0.008383680636363636,Robot
4,continuous,Robot1,4,prover,total_lifecycle,5.042478200272727,Robot
4,continuous,Robot1,4,verifier,reaction_time,0.007216420583333333,Robot
4,continuous,Robot1,4,verifier,result_call,0.009835856249999999,Robot
4,continuous,Robot1,4,verifier,signatures_fetch,0.0050656322499999995,Robot
4,continuous,Robot1,4,verifier,total_lifecycle,0.014979431583333333,Robot
4,continuous,Robot1,4,verifier,verify_compute,7.598333333333333e-07,Robot
4,continuous,Robot1,5,prover,e2e_blockchain,5.239159676545454,Robot
4,continuous,Robot1,5,prover,evidence_call,0.00938528690909091,Robot
4,continuous,Robot1,5,prover,total_lifecycle,5.405124949909091,Robot
4,continuous,Robot1,5,verifier,reaction_time,0.003186072,Robot
4,continuous,Robot1,5,verifier,result_call,0.010783972000000001,Robot
4,continuous,Robot1,5,verifier,signatures_fetch,0.002178487,Robot
4,continuous,Robot1,5,verifier,total_lifecycle,0.013075781833333333,Robot
4,continuous,Robot1,5,verifier,verify_compute,9.271666666666667e-07,Robot
4,continuous,Robot2,1,prover,e2e_blockchain,4.892268950636364,Robot
4,continuous,Robot2,1,prover,evidence_call,0.013108438454545455,Robot
4,continuous,Robot2,1,prover,total_lifecycle,5.076551819090909,Robot
4,continuous,Robot2,1,verifier,reaction_time,0.007063377833333333,Robot
4,continuous,Robot2,1,verifier,result_call,0.014552848416666667,Robot
4,continuous,Robot2,1,verifier,signatures_fetch,0.0034637799166666668,Robot
4,continuous,Robot2,1,verifier,total_lifecycle,0.018093486916666665,Robot
4,continuous,Robot2,1,verifier,verify_compute,7.936666666666666e-07,Robot
4,continuous,Robot2,2,prover,e2e_blockchain,5.059689509636364,Robot
4,continuous,Robot2,2,prover,evidence_call,0.010666662545454546,Robot
4,continuous,Robot2,2,prover,total_lifecycle,5.220425312727273,Robot
4,continuous,Robot2,2,verifier,reaction_time,0.0028134029090909093,Robot
4,continuous,Robot2,2,verifier,result_call,0.013278061636363636,Robot
4,continuous,Robot2,2,verifier,signatures_fetch,0.0025557359090909093,Robot
4,continuous,Robot2,2,verifier,total_lifecycle,0.015919101818181815,Robot
4,continuous,Robot2,2,verifier,verify_compute,8.419090909090909e-07,Robot
4,continuous,Robot2,3,prover,e2e_blockchain,4.984980758363637,Robot
4,continuous,Robot2,3,prover,evidence_call,0.008478019545454546,Robot
4,continuous,Robot2,3,prover,total_lifecycle,5.195496239090909,Robot
4,continuous,Robot2,3,verifier,reaction_time,0.00533932623076923,Robot
4,continuous,Robot2,3,verifier,result_call,0.009606007,Robot
4,continuous,Robot2,3,verifier,signatures_fetch,0.0015736283076923075,Robot
4,continuous,Robot2,3,verifier,total_lifecycle,0.011246200692307693,Robot
4,continuous,Robot2,3,verifier,verify_compute,6.529999999999999e-07,Robot
4,continuous,Robot2,4,prover,e2e_blockchain,4.897987574909091,Robot
4,continuous,Robot2,4,prover,evidence_call,0.014093139545454545,Robot
4,continuous,Robot2,4,prover,total_lifecycle,5.053497418818182,Robot
4,continuous,Robot2,4,verifier,reaction_time,0.002717106363636364,Robot
4,continuous,Robot2,4,verifier,result_call,0.009683386636363636,Robot
4,continuous,Robot2,4,verifier,signatures_fetch,0.002830053818181818,Robot
4,continuous,Robot2,4,verifier,total_lifecycle,0.012598371999999998,Robot
4,continuous,Robot2,4,verifier,verify_compute,7.621818181818182e-07,Robot
4,continuous,Robot2,5,prover,e2e_blockchain,5.175766811909091,Robot
4,continuous,Robot2,5,prover,evidence_call,0.008215730363636363,Robot
4,continuous,Robot2,5,prover,total_lifecycle,5.3468268738181814,Robot
4,continuous,Robot2,5,verifier,reaction_time,0.0043792065384615384,Robot
4,continuous,Robot2,5,verifier,result_call,0.00900925923076923,Robot
4,continuous,Robot2,5,verifier,signatures_fetch,0.002110704076923077,Robot
4,continuous,Robot2,5,verifier,total_lifecycle,0.011204817538461538,Robot
4,continuous,Robot2,5,verifier,verify_compute,6.893846153846153e-07,Robot
4,continuous,Robot3,1,prover,e2e_blockchain,4.871164649909091,Robot
4,continuous,Robot3,1,prover,evidence_call,0.011444330454545454,Robot
4,continuous,Robot3,1,prover,total_lifecycle,5.032364862090909,Robot
4,continuous,Robot3,1,verifier,reaction_time,0.011004267615384616,Robot
4,continuous,Robot3,1,verifier,result_call,0.014432425923076923,Robot
4,continuous,Robot3,1,verifier,signatures_fetch,0.004685040923076924,Robot
4,continuous,Robot3,1,verifier,total_lifecycle,0.01919452053846154,Robot
4,continuous,Robot3,1,verifier,verify_compute,8.263846153846155e-07,Robot
4,continuous,Robot3,2,prover,e2e_blockchain,5.022889090363636,Robot
4,continuous,Robot3,2,prover,evidence_call,0.009600331818181818,Robot
4,continuous,Robot3,2,prover,total_lifecycle,5.1998929302727275,Robot
4,continuous,Robot3,2,verifier,reaction_time,0.009231550285714287,Robot
4,continuous,Robot3,2,verifier,result_call,0.010307264428571428,Robot
4,continuous,Robot3,2,verifier,signatures_fetch,0.0022715737857142856,Robot
4,continuous,Robot3,2,verifier,total_lifecycle,0.012652072214285714,Robot
4,continuous,Robot3,2,verifier,verify_compute,1.5643571428571429e-06,Robot
4,continuous,Robot3,3,prover,e2e_blockchain,5.178319838,Robot
4,continuous,Robot3,3,prover,evidence_call,0.013566131454545454,Robot
4,continuous,Robot3,3,prover,total_lifecycle,5.3621094766363635,Robot
4,continuous,Robot3,3,verifier,reaction_time,0.004673401454545454,Robot
4,continuous,Robot3,3,verifier,result_call,0.008009919727272727,Robot
4,continuous,Robot3,3,verifier,signatures_fetch,0.0025013634545454546,Robot
4,continuous,Robot3,3,verifier,total_lifecycle,0.010586932090909091,Robot
4,continuous,Robot3,3,verifier,verify_compute,7.428181818181818e-07,Robot
4,continuous,Robot3,4,prover,e2e_blockchain,4.8802175039090905,Robot
4,continuous,Robot3,4,prover,evidence_call,0.007655770181818181,Robot
4,continuous,Robot3,4,prover,total_lifecycle,5.033935303363636,Robot
4,continuous,Robot3,4,verifier,reaction_time,0.0059888111875,Robot
4,continuous,Robot3,4,verifier,result_call,0.00906613825,Robot
4,continuous,Robot3,4,verifier,signatures_fetch,0.001718518875,Robot
4,continuous,Robot3,4,verifier,total_lifecycle,0.010855515562500001,Robot
4,continuous,Robot3,4,verifier,verify_compute,6.748749999999999e-07,Robot
4,continuous,Robot3,5,prover,e2e_blockchain,5.296608563454546,Robot
4,continuous,Robot3,5,prover,evidence_call,0.007862359181818183,Robot
4,continuous,Robot3,5,prover,total_lifecycle,5.455807392363637,Robot
4,continuous,Robot3,5,verifier,reaction_time,0.006329236083333334,Robot
4,continuous,Robot3,5,verifier,result_call,0.0073897,Robot
4,continuous,Robot3,5,verifier,signatures_fetch,0.0019085615833333335,Robot
4,continuous,Robot3,5,verifier,total_lifecycle,0.009373924583333334,Robot
4,continuous,Robot3,5,verifier,verify_compute,7.263333333333334e-07,Robot
4,continuous,Robot4,1,prover,e2e_blockchain,4.907553528181818,Robot
4,continuous,Robot4,1,prover,evidence_call,0.01303989190909091,Robot
4,continuous,Robot4,1,prover,total_lifecycle,5.084521757909091,Robot
4,continuous,Robot4,1,verifier,reaction_time,0.0034586262,Robot
4,continuous,Robot4,1,verifier,result_call,0.0177724691,Robot
4,continuous,Robot4,1,verifier,signatures_fetch,0.0024114424,Robot
4,continuous,Robot4,1,verifier,total_lifecycle,0.0202778592,Robot
4,continuous,Robot4,1,verifier,verify_compute,9.130000000000001e-07,Robot
4,continuous,Robot4,2,prover,e2e_blockchain,4.993502700545455,Robot
4,continuous,Robot4,2,prover,evidence_call,0.011087486,Robot
4,continuous,Robot4,2,prover,total_lifecycle,5.164302401272727,Robot
4,continuous,Robot4,2,verifier,reaction_time,0.006328436692307692,Robot
4,continuous,Robot4,2,verifier,result_call,0.012363329461538461,Robot
4,continuous,Robot4,2,verifier,signatures_fetch,0.002269666076923077,Robot
4,continuous,Robot4,2,verifier,total_lifecycle,0.01471818569230769,Robot
4,continuous,Robot4,2,verifier,verify_compute,7.13e-07,Robot
4,continuous,Robot4,3,prover,e2e_blockchain,5.1417522412727275,Robot
4,continuous,Robot4,3,prover,evidence_call,0.014288465090909091,Robot
4,continuous,Robot4,3,prover,total_lifecycle,5.318478951090909,Robot
4,continuous,Robot4,3,verifier,reaction_time,0.0031675674545454547,Robot
4,continuous,Robot4,3,verifier,result_call,0.009497601454545453,Robot
4,continuous,Robot4,3,verifier,signatures_fetch,0.001467937090909091,Robot
4,continuous,Robot4,3,verifier,total_lifecycle,0.01105719218181818,Robot
4,continuous,Robot4,3,verifier,verify_compute,8.258181818181818e-07,Robot
4,continuous,Robot4,4,prover,e2e_blockchain,5.031389781545455,Robot
4,continuous,Robot4,4,prover,evidence_call,0.007708622818181818,Robot
4,continuous,Robot4,4,prover,total_lifecycle,5.192393092181818,Robot
4,continuous,Robot4,4,verifier,reaction_time,0.005752113461538462,Robot
4,continuous,Robot4,4,verifier,result_call,0.010316675999999999,Robot
4,continuous,Robot4,4,verifier,signatures_fetch,0.0018442094615384616,Robot
4,continuous,Robot4,4,verifier,total_lifecycle,0.012251004,Robot
4,continuous,Robot4,4,verifier,verify_compute,7.843076923076923e-07,Robot
4,continuous,Robot4,5,prover,e2e_blockchain,5.128869851909091,Robot
4,continuous,Robot4,5,prover,evidence_call,0.018468124636363634,Robot
4,continuous,Robot4,5,prover,total_lifecycle,5.283421283636364,Robot
4,continuous,Robot4,5,verifier,reaction_time,0.005026218076923077,Robot
4,continuous,Robot4,5,verifier,result_call,0.010538415384615384,Robot
4,continuous,Robot4,5,verifier,signatures_fetch,0.0018425825384615383,Robot
4,continuous,Robot4,5,verifier,total_lifecycle,0.012465837153846155,Robot
4,continuous,Robot4,5,verifier,verify_compute,7.701538461538462e-07,Robot
4,continuous,SECaaS,1,oracle,db_lookup,0.0013683840208333334,SECaaS
4,continuous,SECaaS,1,oracle,prover_addr_fetch,0.015091252520833334,SECaaS
4,continuous,SECaaS,1,oracle,reaction_time,0.15269586608333333,SECaaS
4,continuous,SECaaS,1,oracle,ref_signature_call,0.04434510283333334,SECaaS
4,continuous,SECaaS,1,oracle,total_lifecycle,0.08903726597916667,SECaaS
4,continuous,SECaaS,2,oracle,db_lookup,0.0011932881666666666,SECaaS
4,continuous,SECaaS,2,oracle,prover_addr_fetch,0.011522879916666666,SECaaS
4,continuous,SECaaS,2,oracle,reaction_time,0.11870040793749999,SECaaS
4,continuous,SECaaS,2,oracle,ref_signature_call,0.035990758,SECaaS
4,continuous,SECaaS,2,oracle,total_lifecycle,0.06784688079166666,SECaaS
4,continuous,SECaaS,3,oracle,db_lookup,0.0011879265833333334,SECaaS
4,continuous,SECaaS,3,oracle,prover_addr_fetch,0.011223318020833333,SECaaS
4,continuous,SECaaS,3,oracle,reaction_time,0.11588543920833333,SECaaS
4,continuous,SECaaS,3,oracle,ref_signature_call,0.0340109716875,SECaaS
4,continuous,SECaaS,3,oracle,total_lifecycle,0.06495195983333334,SECaaS
4,continuous,SECaaS,4,oracle,db_lookup,0.0010738697291666668,SECaaS
4,continuous,SECaaS,4,oracle,prover_addr_fetch,0.010565327041666668,SECaaS
4,continuous,SECaaS,4,oracle,reaction_time,0.10854365695833335,SECaaS
4,continuous,SECaaS,4,oracle,ref_signature_call,0.033950717,SECaaS
4,continuous,SECaaS,4,oracle,total_lifecycle,0.06402267554166667,SECaaS
4,continuous,SECaaS,5,oracle,db_lookup,0.0012776871666666668,SECaaS
4,continuous,SECaaS,5,oracle,prover_addr_fetch,0.010921575895833334,SECaaS
4,continuous,SECaaS,5,oracle,reaction_time,0.12908205129166667,SECaaS
4,continuous,SECaaS,5,oracle,ref_signature_call,0.03462527925,SECaaS
4,continuous,SECaaS,5,oracle,total_lifecycle,0.06592383185416666,SECaaS
4,startup,Robot1,1,prover,e2e_blockchain,3.729000935,Robot
4,startup,Robot1,1,prover,evidence_call,0.025074268,Robot
4,startup,Robot1,1,prover,total_lifecycle,3.9122500700000002,Robot
4,startup,Robot1,2,prover,e2e_blockchain,3.35224474,Robot
4,startup,Robot1,2,prover,evidence_call,0.018231053,Robot
4,startup,Robot1,2,prover,total_lifecycle,3.5966195630000004,Robot
4,startup,Robot1,3,prover,e2e_blockchain,3.185268707,Robot
4,startup,Robot1,3,prover,evidence_call,0.01609394,Robot
4,startup,Robot1,3,prover,total_lifecycle,3.351088871,Robot
4,startup,Robot1,4,prover,e2e_blockchain,3.889945016,Robot
4,startup,Robot1,4,prover,evidence_call,0.020623121,Robot
4,startup,Robot1,4,prover,total_lifecycle,4.109688627000001,Robot
4,startup,Robot1,5,prover,e2e_blockchain,2.586271535,Robot
4,startup,Robot1,5,prover,evidence_call,0.011208226,Robot
4,startup,Robot1,5,prover,total_lifecycle,2.7909321100000004,Robot
4,startup,Robot1,6,prover,e2e_blockchain,2.362546331,Robot
4,startup,Robot1,6,prover,evidence_call,0.021458959,Robot
4,startup,Robot1,6,prover,total_lifecycle,2.528225165,Robot
4,startup,Robot1,7,prover,e2e_blockchain,3.0677179569999997,Robot
4,startup,Robot1,7,prover,evidence_call,0.015287665,Robot
4,startup,Robot1,7,prover,total_lifecycle,3.256581941,Robot
4,startup,Robot1,8,prover,e2e_blockchain,3.779452719,Robot
4,startup,Robot1,8,prover,evidence_call,0.014577142,Robot
4,startup,Robot1,8,prover,total_lifecycle,3.943993673,Robot
4,startup,Robot1,9,prover,e2e_blockchain,2.5506765540000003,Robot
4,startup,Robot1,9,prover,evidence_call,0.01091693,Robot
4,startup,Robot1,9,prover,total_lifecycle,2.695298552,Robot
4,startup,Robot1,10,prover,e2e_blockchain,2.246951366,Robot
4,startup,Robot1,10,prover,evidence_call,0.028659445999999998,Robot
4,startup,Robot1,10,prover,total_lifecycle,2.404512895,Robot
4,startup,Robot2,1,prover,e2e_blockchain,3.685181674,Robot
4,startup,Robot2,1,prover,evidence_call,0.020165896,Robot
4,startup,Robot2,1,prover,total_lifecycle,3.897356503,Robot
4,startup,Robot2,2,prover,e2e_blockchain,3.410730993,Robot
4,startup,Robot2,2,prover,evidence_call,0.027950016,Robot
4,startup,Robot2,2,prover,total_lifecycle,3.61870212,Robot
4,startup,Robot2,3,prover,e2e_blockchain,3.182179917,Robot
4,startup,Robot2,3,prover,evidence_call,0.020306399,Robot
4,startup,Robot2,3,prover,total_lifecycle,3.345973517,Robot
4,startup,Robot2,4,prover,e2e_blockchain,3.888212648,Robot
4,startup,Robot2,4,prover,evidence_call,0.017676203999999997,Robot
4,startup,Robot2,4,prover,total_lifecycle,4.092157843,Robot
4,startup,Robot2,5,prover,e2e_blockchain,2.63722871,Robot
4,startup,Robot2,5,prover,evidence_call,0.012330586999999999,Robot
4,startup,Robot2,5,prover,total_lifecycle,2.77397588,Robot
4,startup,Robot2,6,prover,e2e_blockchain,2.464237518,Robot
4,startup,Robot2,6,prover,evidence_call,0.00985027,Robot
4,startup,Robot2,6,prover,total_lifecycle,2.550721814,Robot
4,startup,Robot2,7,prover,e2e_blockchain,3.068740666,Robot
4,startup,Robot2,7,prover,evidence_call,0.010378865,Robot
4,startup,Robot2,7,prover,total_lifecycle,3.259200049,Robot
4,startup,Robot2,8,prover,e2e_blockchain,3.750334691,Robot
4,startup,Robot2,8,prover,evidence_call,0.065458226,Robot
4,startup,Robot2,8,prover,total_lifecycle,3.953008986,Robot
4,startup,Robot2,9,prover,e2e_blockchain,2.5448780550000003,Robot
4,startup,Robot2,9,prover,evidence_call,0.02271433,Robot
4,startup,Robot2,9,prover,total_lifecycle,2.69225005,Robot
4,startup,Robot2,10,prover,e2e_blockchain,2.246372019,Robot
4,startup,Robot2,10,prover,evidence_call,0.018870809000000002,Robot
4,startup,Robot2,10,prover,total_lifecycle,2.3918644949999996,Robot
4,startup,Robot3,1,prover,e2e_blockchain,3.7274029989999997,Robot
4,startup,Robot3,1,prover,evidence_call,0.031898833,Robot
4,startup,Robot3,1,prover,total_lifecycle,3.930805192,Robot
4,startup,Robot3,2,prover,e2e_blockchain,3.4055804480000003,Robot
4,startup,Robot3,2,prover,evidence_call,0.020455276,Robot
4,startup,Robot3,2,prover,total_lifecycle,3.620513553,Robot
4,startup,Robot3,3,prover,e2e_blockchain,3.246058198,Robot
4,startup,Robot3,3,prover,evidence_call,0.024718063999999998,Robot
4,startup,Robot3,3,prover,total_lifecycle,3.332855982,Robot
4,startup,Robot3,4,prover,e2e_blockchain,3.886917498,Robot
4,startup,Robot3,4,prover,evidence_call,0.020499227000000002,Robot
4,startup,Robot3,4,prover,total_lifecycle,4.099168196,Robot
4,startup,Robot3,5,prover,e2e_blockchain,2.637848521,Robot
4,startup,Robot3,5,prover,evidence_call,0.015694797,Robot
4,startup,Robot3,5,prover,total_lifecycle,2.775723635,Robot
4,startup,Robot3,6,prover,e2e_blockchain,2.341522466,Robot
4,startup,Robot3,6,prover,evidence_call,0.017641345000000003,Robot
4,startup,Robot3,6,prover,total_lifecycle,2.505185177,Robot
4,startup,Robot3,7,prover,e2e_blockchain,3.161349585,Robot
4,startup,Robot3,7,prover,evidence_call,0.012989088000000001,Robot
4,startup,Robot3,7,prover,total_lifecycle,3.2647245170000003,Robot
4,startup,Robot3,8,prover,e2e_blockchain,3.760517503,Robot
4,startup,Robot3,8,prover,evidence_call,0.010486938999999999,Robot
4,startup,Robot3,8,prover,total_lifecycle,3.949734401,Robot
4,startup,Robot3,9,prover,e2e_blockchain,2.526995821,Robot
4,startup,Robot3,9,prover,evidence_call,0.011886177999999999,Robot
4,startup,Robot3,9,prover,total_lifecycle,2.687279291,Robot
4,startup,Robot3,10,prover,e2e_blockchain,2.1645433929999998,Robot
4,startup,Robot3,10,prover,evidence_call,0.012691903999999999,Robot
4,startup,Robot3,10,prover,total_lifecycle,2.396765907,Robot
4,startup,Robot4,1,prover,e2e_blockchain,3.738951934,Robot
4,startup,Robot4,1,prover,evidence_call,0.023389109,Robot
4,startup,Robot4,1,prover,total_lifecycle,3.911835751,Robot
4,startup,Robot4,2,prover,e2e_blockchain,3.396479541,Robot
4,startup,Robot4,2,prover,evidence_call,0.01437567,Robot
4,startup,Robot4,2,prover,total_lifecycle,3.602519424,Robot
4,startup,Robot4,3,prover,e2e_blockchain,3.263694175,Robot
4,startup,Robot4,3,prover,evidence_call,0.011298229,Robot
4,startup,Robot4,3,prover,total_lifecycle,3.345564244,Robot
4,startup,Robot4,4,prover,e2e_blockchain,3.890245931,Robot
4,startup,Robot4,4,prover,evidence_call,0.012816977,Robot
4,startup,Robot4,4,prover,total_lifecycle,4.092435795,Robot
4,startup,Robot4,5,prover,e2e_blockchain,2.577620496,Robot
4,startup,Robot4,5,prover,evidence_call,0.01157748,Robot
4,startup,Robot4,5,prover,total_lifecycle,2.7833127319999997,Robot
4,startup,Robot4,6,prover,e2e_blockchain,2.350097945,Robot
4,startup,Robot4,6,prover,evidence_call,0.014095642,Robot
4,startup,Robot4,6,prover,total_lifecycle,2.511068945,Robot
4,startup,Robot4,7,prover,e2e_blockchain,3.1525038249999997,Robot
4,startup,Robot4,7,prover,evidence_call,0.017358588999999997,Robot
4,startup,Robot4,7,prover,total_lifecycle,3.2583591540000003,Robot
4,startup,Robot4,8,prover,e2e_blockchain,3.7766363700000003,Robot
4,startup,Robot4,8,prover,evidence_call,0.013254338000000001,Robot
4,startup,Robot4,8,prover,total_lifecycle,3.945770137,Robot
4,startup,Robot4,9,prover,e2e_blockchain,2.559566082,Robot
4,startup,Robot4,9,prover,evidence_call,0.014890275000000001,Robot
4,startup,Robot4,9,prover,total_lifecycle,2.702638203,Robot
4,startup,Robot4,10,prover,e2e_blockchain,2.240611609,Robot
4,startup,Robot4,10,prover,evidence_call,0.010783139,Robot
4,startup,Robot4,10,prover,total_lifecycle,2.382211242,Robot
4,startup,SECaaS,1,oracle,db_lookup,0.00123855775,SECaaS
4,startup,SECaaS,1,oracle,prover_addr_fetch,0.02207840475,SECaaS
4,startup,SECaaS,1,oracle,reaction_time,0.33793529075,SECaaS
4,startup,SECaaS,1,verifier,reaction_time,0.33793529075,SECaaS
4,startup,SECaaS,1,verifier,result_call,0.0820817875,SECaaS
4,startup,SECaaS,1,verifier,signatures_fetch,0.021131595,SECaaS
4,startup,SECaaS,1,verifier,total_lifecycle,0.1776432965,SECaaS
4,startup,SECaaS,1,verifier,verify_compute,2.4514999999999997e-06,SECaaS
4,startup,SECaaS,2,oracle,db_lookup,0.0016307219999999998,SECaaS
4,startup,SECaaS,2,oracle,prover_addr_fetch,0.016868124249999998,SECaaS
4,startup,SECaaS,2,oracle,reaction_time,0.21051994524999998,SECaaS
4,startup,SECaaS,2,verifier,reaction_time,0.21051994524999998,SECaaS
4,startup,SECaaS,2,verifier,result_call,0.0666071185,SECaaS
4,startup,SECaaS,2,verifier,signatures_fetch,0.0149524775,SECaaS
4,startup,SECaaS,2,verifier,total_lifecycle,0.13338532925000002,SECaaS
4,startup,SECaaS,2,verifier,verify_compute,0.00046591075,SECaaS
4,startup,SECaaS,3,oracle,db_lookup,0.003171077,SECaaS
4,startup,SECaaS,3,oracle,prover_addr_fetch,0.014535622250000001,SECaaS
4,startup,SECaaS,3,oracle,reaction_time,0.1997526885,SECaaS
4,startup,SECaaS,3,verifier,reaction_time,0.1997526885,SECaaS
4,startup,SECaaS,3,verifier,result_call,0.047379392,SECaaS
4,startup,SECaaS,3,verifier,signatures_fetch,0.01487774225,SECaaS
4,startup,SECaaS,3,verifier,total_lifecycle,0.11278086500000001,SECaaS
4,startup,SECaaS,3,verifier,verify_compute,3.0257499999999998e-06,SECaaS
4,startup,SECaaS,4,oracle,db_lookup,0.001372694,SECaaS
4,startup,SECaaS,4,oracle,prover_addr_fetch,0.015121573000000001,SECaaS
4,startup,SECaaS,4,oracle,reaction_time,0.1741930425,SECaaS
4,startup,SECaaS,4,verifier,reaction_time,0.1741930425,SECaaS
4,startup,SECaaS,4,verifier,result_call,0.0485532765,SECaaS
4,startup,SECaaS,4,verifier,signatures_fetch,0.012710807250000001,SECaaS
4,startup,SECaaS,4,verifier,total_lifecycle,0.106032938,SECaaS
4,startup,SECaaS,4,verifier,verify_compute,1.79075e-06,SECaaS
4,startup,SECaaS,5,oracle,db_lookup,0.001654183,SECaaS
4,startup,SECaaS,5,oracle,prover_addr_fetch,0.0151302575,SECaaS
4,startup,SECaaS,5,oracle,reaction_time,0.16585436175,SECaaS
4,startup,SECaaS,5,verifier,reaction_time,0.16585436175,SECaaS
4,startup,SECaaS,5,verifier,result_call,0.0519810405,SECaaS
4,startup,SECaaS,5,verifier,signatures_fetch,0.012534976,SECaaS
4,startup,SECaaS,5,verifier,total_lifecycle,0.105256902,SECaaS
4,startup,SECaaS,5,verifier,verify_compute,1.656e-06,SECaaS
4,startup,SECaaS,6,oracle,db_lookup,0.001194351,SECaaS
4,startup,SECaaS,6,oracle,prover_addr_fetch,0.0136856855,SECaaS
4,startup,SECaaS,6,oracle,reaction_time,0.1641627395,SECaaS
4,startup,SECaaS,6,verifier,reaction_time,0.1641627395,SECaaS
4,startup,SECaaS,6,verifier,result_call,0.04542370275,SECaaS
4,startup,SECaaS,6,verifier,signatures_fetch,0.0141434525,SECaaS
4,startup,SECaaS,6,verifier,total_lifecycle,0.10224322225,SECaaS
4,startup,SECaaS,6,verifier,verify_compute,1.6885e-06,SECaaS
4,startup,SECaaS,7,oracle,db_lookup,0.00154307175,SECaaS
4,startup,SECaaS,7,oracle,prover_addr_fetch,0.0150629775,SECaaS
4,startup,SECaaS,7,oracle,reaction_time,0.15258635250000002,SECaaS
4,startup,SECaaS,7,verifier,reaction_time,0.15258635250000002,SECaaS
4,startup,SECaaS,7,verifier,result_call,0.033475726,SECaaS
4,startup,SECaaS,7,verifier,signatures_fetch,0.01022565125,SECaaS
4,startup,SECaaS,7,verifier,total_lifecycle,0.08414014574999999,SECaaS
4,startup,SECaaS,7,verifier,verify_compute,1.37675e-06,SECaaS
4,startup,SECaaS,8,oracle,db_lookup,0.0011723600000000001,SECaaS
4,startup,SECaaS,8,oracle,prover_addr_fetch,0.0178756115,SECaaS
4,startup,SECaaS,8,oracle,reaction_time,0.17781694,SECaaS
4,startup,SECaaS,8,verifier,reaction_time,0.17781694,SECaaS
4,startup,SECaaS,8,verifier,result_call,0.051156488,SECaaS
4,startup,SECaaS,8,verifier,signatures_fetch,0.0133050485,SECaaS
4,startup,SECaaS,8,verifier,total_lifecycle,0.11064633875,SECaaS
4,startup,SECaaS,8,verifier,verify_compute,1.95875e-06,SECaaS
4,startup,SECaaS,9,oracle,db_lookup,0.001171437,SECaaS
4,startup,SECaaS,9,oracle,prover_addr_fetch,0.013972864,SECaaS
4,startup,SECaaS,9,oracle,reaction_time,0.17208687,SECaaS
4,startup,SECaaS,9,verifier,reaction_time,0.17208687,SECaaS
4,startup,SECaaS,9,verifier,result_call,0.0480226775,SECaaS
4,startup,SECaaS,9,verifier,signatures_fetch,0.01245300675,SECaaS
4,startup,SECaaS,9,verifier,total_lifecycle,0.10220779075,SECaaS
4,startup,SECaaS,9,verifier,verify_compute,1.57e-06,SECaaS
4,startup,SECaaS,10,oracle,db_lookup,0.00124109,SECaaS
4,startup,SECaaS,10,oracle,prover_addr_fetch,0.0125897685,SECaaS
4,startup,SECaaS,10,oracle,reaction_time,0.166627621,SECaaS
4,startup,SECaaS,10,verifier,reaction_time,0.166627621,SECaaS
4,startup,SECaaS,10,verifier,result_call,0.03867040025,SECaaS
4,startup,SECaaS,10,verifier,signatures_fetch,0.01599120425,SECaaS
4,startup,SECaaS,10,verifier,total_lifecycle,0.091696026,SECaaS
4,startup,SECaaS,10,verifier,verify_compute,2.17e-06,SECaaS
10,continuous,Robot1,1,prover,e2e_blockchain,5.073518065545454,Robot
10,continuous,Robot1,1,prover,evidence_call,0.013334850454545456,Robot
10,continuous,Robot1,1,prover,total_lifecycle,5.256795764909091,Robot
10,continuous,Robot1,1,verifier,reaction_time,0.012309200888888889,Robot
10,continuous,Robot1,1,verifier,result_call,0.021433003444444446,Robot
10,continuous,Robot1,1,verifier,signatures_fetch,0.004914571555555556,Robot
10,continuous,Robot1,1,verifier,total_lifecycle,0.026427135888888887,Robot
10,continuous,Robot1,1,verifier,verify_compute,7.341111111111112e-07,Robot
10,continuous,Robot1,2,prover,e2e_blockchain,5.007123844090909,Robot
10,continuous,Robot1,2,prover,evidence_call,0.025934927363636364,Robot
10,continuous,Robot1,2,prover,total_lifecycle,5.1568873822727275,Robot
10,continuous,Robot1,2,verifier,reaction_time,0.004988865800000001,Robot
10,continuous,Robot1,2,verifier,result_call,0.0113922953,Robot
10,continuous,Robot1,2,verifier,signatures_fetch,0.0025705452,Robot
10,continuous,Robot1,2,verifier,total_lifecycle,0.014043254300000002,Robot
10,continuous,Robot1,2,verifier,verify_compute,2.3699e-06,Robot
10,continuous,Robot1,3,prover,e2e_blockchain,5.181308850090909,Robot
10,continuous,Robot1,3,prover,evidence_call,0.015441300000000002,Robot
10,continuous,Robot1,3,prover,total_lifecycle,5.402664826818182,Robot
10,continuous,Robot1,3,verifier,reaction_time,0.007424314111111111,Robot
10,continuous,Robot1,3,verifier,result_call,0.016515151333333332,Robot
10,continuous,Robot1,3,verifier,signatures_fetch,0.0024139353333333335,Robot
10,continuous,Robot1,3,verifier,total_lifecycle,0.018993053333333332,Robot
10,continuous,Robot1,3,verifier,verify_compute,6.727777777777777e-07,Robot
10,continuous,Robot1,4,prover,e2e_blockchain,5.093048747818182,Robot
10,continuous,Robot1,4,prover,evidence_call,0.015570879,Robot
10,continuous,Robot1,4,prover,total_lifecycle,5.304921602363636,Robot
10,continuous,Robot1,4,verifier,reaction_time,0.004561448142857143,Robot
10,continuous,Robot1,4,verifier,result_call,0.012804261714285715,Robot
10,continuous,Robot1,4,verifier,signatures_fetch,0.002556934,Robot
10,continuous,Robot1,4,verifier,total_lifecycle,0.015447717714285714,Robot
10,continuous,Robot1,4,verifier,verify_compute,6.918571428571429e-07,Robot
10,continuous,Robot1,5,prover,e2e_blockchain,5.2118534601818185,Robot
10,continuous,Robot1,5,prover,evidence_call,0.015498146,Robot
10,continuous,Robot1,5,prover,total_lifecycle,5.416387523363636,Robot
10,continuous,Robot1,5,verifier,reaction_time,0.008566257066666666,Robot
10,continuous,Robot1,5,verifier,result_call,0.011274468933333334,Robot
10,continuous,Robot1,5,verifier,signatures_fetch,0.0023543569333333335,Robot
10,continuous,Robot1,5,verifier,total_lifecycle,0.013706498466666666,Robot
10,continuous,Robot1,5,verifier,verify_compute,6.509333333333333e-07,Robot
10,continuous,Robot10,1,prover,e2e_blockchain,5.191647834181818,Robot
10,continuous,Robot10,1,prover,evidence_call,0.01414723209090909,Robot
10,continuous,Robot10,1,prover,total_lifecycle,5.401890196090909,Robot
10,continuous,Robot10,1,verifier,reaction_time,0.008475995153846155,Robot
10,continuous,Robot10,1,verifier,result_call,0.02054213253846154,Robot
10,continuous,Robot10,1,verifier,signatures_fetch,0.005593850692307693,Robot
10,continuous,Robot10,1,verifier,total_lifecycle,0.026214163,Robot
10,continuous,Robot10,1,verifier,verify_compute,7.768461538461538e-07,Robot
10,continuous,Robot10,2,prover,e2e_blockchain,5.117976057727272,Robot
10,continuous,Robot10,2,prover,evidence_call,0.012064107272727274,Robot
10,continuous,Robot10,2,prover,total_lifecycle,5.317857234363636,Robot
10,continuous,Robot10,2,verifier,reaction_time,0.005036814083333333,Robot
10,continuous,Robot10,2,verifier,result_call,0.023608151583333334,Robot
10,continuous,Robot10,2,verifier,signatures_fetch,0.007081642583333333,Robot
10,continuous,Robot10,2,verifier,total_lifecycle,0.030772930666666667,Robot
10,continuous,Robot10,2,verifier,verify_compute,6.596666666666667e-07,Robot
10,continuous,Robot10,3,prover,e2e_blockchain,4.881283065818182,Robot
10,continuous,Robot10,3,prover,evidence_call,0.010847335000000001,Robot
10,continuous,Robot10,3,prover,total_lifecycle,5.074088885818182,Robot
10,continuous,Robot10,3,verifier,reaction_time,0.0032441019230769227,Robot
10,continuous,Robot10,3,verifier,result_call,0.012812499846153846,Robot
10,continuous,Robot10,3,verifier,signatures_fetch,0.004540301076923077,Robot
10,continuous,Robot10,3,verifier,total_lifecycle,0.01743655223076923,Robot
10,continuous,Robot10,3,verifier,verify_compute,7.481538461538461e-07,Robot
10,continuous,Robot10,4,prover,e2e_blockchain,5.240880211454546,Robot
10,continuous,Robot10,4,prover,evidence_call,0.014790794727272728,Robot
10,continuous,Robot10,4,prover,total_lifecycle,5.426899589454546,Robot
10,continuous,Robot10,4,verifier,reaction_time,0.0049985431,Robot
10,continuous,Robot10,4,verifier,result_call,0.0097110975,Robot
10,continuous,Robot10,4,verifier,signatures_fetch,0.0020516564,Robot
10,continuous,Robot10,4,verifier,total_lifecycle,0.0118583123,Robot
10,continuous,Robot10,4,verifier,verify_compute,2.2618e-06,Robot
10,continuous,Robot10,5,prover,e2e_blockchain,4.916434043181818,Robot
10,continuous,Robot10,5,prover,evidence_call,0.016591945181818182,Robot
10,continuous,Robot10,5,prover,total_lifecycle,5.0782323997272725,Robot
10,continuous,Robot10,5,verifier,reaction_time,0.005650468916666666,Robot
10,continuous,Robot10,5,verifier,result_call,0.012351538333333334,Robot
10,continuous,Robot10,5,verifier,signatures_fetch,0.0025091444999999998,Robot
10,continuous,Robot10,5,verifier,total_lifecycle,0.014931137583333332,Robot
10,continuous,Robot10,5,verifier,verify_compute,2.0816666666666665e-06,Robot
10,continuous,Robot2,1,prover,e2e_blockchain,4.983708959272727,Robot
10,continuous,Robot2,1,prover,evidence_call,0.014462385909090908,Robot
10,continuous,Robot2,1,prover,total_lifecycle,5.173974720363637,Robot
10,continuous,Robot2,1,verifier,reaction_time,0.007760416083333333,Robot
10,continuous,Robot2,1,verifier,result_call,0.01815844,Robot
10,continuous,Robot2,1,verifier,signatures_fetch,0.006414216833333333,Robot
10,continuous,Robot2,1,verifier,total_lifecycle,0.02468322225,Robot
10,continuous,Robot2,1,verifier,verify_compute,8.540000000000001e-07,Robot
10,continuous,Robot2,2,prover,e2e_blockchain,5.151883644000001,Robot
10,continuous,Robot2,2,prover,evidence_call,0.010607886727272727,Robot
10,continuous,Robot2,2,prover,total_lifecycle,5.348837341272727,Robot
10,continuous,Robot2,2,verifier,reaction_time,0.005726047333333334,Robot
10,continuous,Robot2,2,verifier,result_call,0.019823102333333332,Robot
10,continuous,Robot2,2,verifier,signatures_fetch,0.0049454995,Robot
10,continuous,Robot2,2,verifier,total_lifecycle,0.02484159,Robot
10,continuous,Robot2,2,verifier,verify_compute,6.42e-07,Robot
10,continuous,Robot2,3,prover,e2e_blockchain,4.979485909818181,Robot
10,continuous,Robot2,3,prover,evidence_call,0.011583607000000001,Robot
10,continuous,Robot2,3,prover,total_lifecycle,5.139514717818182,Robot
10,continuous,Robot2,3,verifier,reaction_time,0.0031942233076923078,Robot
10,continuous,Robot2,3,verifier,result_call,0.011893586923076923,Robot
10,continuous,Robot2,3,verifier,signatures_fetch,0.0020406416923076922,Robot
10,continuous,Robot2,3,verifier,total_lifecycle,0.014016760692307692,Robot
10,continuous,Robot2,3,verifier,verify_compute,7.63923076923077e-07,Robot
10,continuous,Robot2,4,prover,e2e_blockchain,5.173024351909091,Robot
10,continuous,Robot2,4,prover,evidence_call,0.023387230000000002,Robot
10,continuous,Robot2,4,prover,total_lifecycle,5.395005519272727,Robot
10,continuous,Robot2,4,verifier,reaction_time,0.009669225714285716,Robot
10,continuous,Robot2,4,verifier,result_call,0.01402763407142857,Robot
10,continuous,Robot2,4,verifier,signatures_fetch,0.002034651071428571,Robot
10,continuous,Robot2,4,verifier,total_lifecycle,0.016135911,Robot
10,continuous,Robot2,4,verifier,verify_compute,1.3542142857142857e-06,Robot
10,continuous,Robot2,5,prover,e2e_blockchain,5.243871553545454,Robot
10,continuous,Robot2,5,prover,evidence_call,0.016128301,Robot
10,continuous,Robot2,5,prover,total_lifecycle,5.484833222,Robot
10,continuous,Robot2,5,verifier,reaction_time,0.007024207750000001,Robot
10,continuous,Robot2,5,verifier,result_call,0.012214979583333334,Robot
10,continuous,Robot2,5,verifier,signatures_fetch,0.00325496625,Robot
10,continuous,Robot2,5,verifier,total_lifecycle,0.015555186166666665,Robot
10,continuous,Robot2,5,verifier,verify_compute,7.559999999999999e-07,Robot
10,continuous,Robot3,1,prover,e2e_blockchain,5.042195682909091,Robot
10,continuous,Robot3,1,prover,evidence_call,0.01677181836363636,Robot
10,continuous,Robot3,1,prover,total_lifecycle,5.233024758454546,Robot
10,continuous,Robot3,1,verifier,reaction_time,0.012535068,Robot
10,continuous,Robot3,1,verifier,result_call,0.018040240818181816,Robot
10,continuous,Robot3,1,verifier,signatures_fetch,0.004641515454545455,Robot
10,continuous,Robot3,1,verifier,total_lifecycle,0.022759046363636362,Robot
10,continuous,Robot3,1,verifier,verify_compute,7.113636363636364e-07,Robot
10,continuous,Robot3,2,prover,e2e_blockchain,5.265470386181819,Robot
10,continuous,Robot3,2,prover,evidence_call,0.01636061109090909,Robot
10,continuous,Robot3,2,prover,total_lifecycle,5.4624046139999995,Robot
10,continuous,Robot3,2,verifier,reaction_time,0.011523985714285714,Robot
10,continuous,Robot3,2,verifier,result_call,0.016771779785714286,Robot
10,continuous,Robot3,2,verifier,signatures_fetch,0.0029985292857142858,Robot
10,continuous,Robot3,2,verifier,total_lifecycle,0.019840003999999998,Robot
10,continuous,Robot3,2,verifier,verify_compute,6.718571428571429e-07,Robot
10,continuous,Robot3,3,prover,e2e_blockchain,4.998482803818181,Robot
10,continuous,Robot3,3,prover,evidence_call,0.010336319636363637,Robot
10,continuous,Robot3,3,prover,total_lifecycle,5.1939967472727275,Robot
10,continuous,Robot3,3,verifier,reaction_time,0.008006221625,Robot
10,continuous,Robot3,3,verifier,result_call,0.01018042475,Robot
10,continuous,Robot3,3,verifier,signatures_fetch,0.001780452875,Robot
10,continuous,Robot3,3,verifier,total_lifecycle,0.012029636625,Robot
10,continuous,Robot3,3,verifier,verify_compute,7.004375e-07,Robot
10,continuous,Robot3,4,prover,e2e_blockchain,5.1564057311,Robot
10,continuous,Robot3,4,prover,evidence_call,0.0160865224,Robot
10,continuous,Robot3,4,prover,total_lifecycle,5.4126548077,Robot
10,continuous,Robot3,4,verifier,reaction_time,0.022017947833333332,Robot
10,continuous,Robot3,4,verifier,result_call,0.013452917666666668,Robot
10,continuous,Robot3,4,verifier,signatures_fetch,0.005829483611111112,Robot
10,continuous,Robot3,4,verifier,total_lifecycle,0.019353838722222225,Robot
10,continuous,Robot3,4,verifier,verify_compute,7.252222222222223e-07,Robot
10,continuous,Robot3,5,prover,e2e_blockchain,5.335925462545455,Robot
10,continuous,Robot3,5,prover,evidence_call,0.009911007,Robot
10,continuous,Robot3,5,prover,total_lifecycle,5.571454825818182,Robot
10,continuous,Robot3,5,verifier,reaction_time,0.004400017636363636,Robot
10,continuous,Robot3,5,verifier,result_call,0.01846286481818182,Robot
10,continuous,Robot3,5,verifier,signatures_fetch,0.0027550923636363634,Robot
10,continuous,Robot3,5,verifier,total_lifecycle,0.021310607636363634,Robot
10,continuous,Robot3,5,verifier,verify_compute,7.346363636363636e-07,Robot
10,continuous,Robot4,1,prover,e2e_blockchain,5.045843786454546,Robot
10,continuous,Robot4,1,prover,evidence_call,0.013041403545454544,Robot
10,continuous,Robot4,1,prover,total_lifecycle,5.230892510818181,Robot
10,continuous,Robot4,1,verifier,reaction_time,0.0125260676,Robot
10,continuous,Robot4,1,verifier,result_call,0.0204973548,Robot
10,continuous,Robot4,1,verifier,signatures_fetch,0.0042019182,Robot
10,continuous,Robot4,1,verifier,total_lifecycle,0.0247935467,Robot
10,continuous,Robot4,1,verifier,verify_compute,2.1283000000000004e-06,Robot
10,continuous,Robot4,2,prover,e2e_blockchain,5.124108589090909,Robot
10,continuous,Robot4,2,prover,evidence_call,0.010019846818181818,Robot
10,continuous,Robot4,2,prover,total_lifecycle,5.353989710272727,Robot
10,continuous,Robot4,2,verifier,reaction_time,0.018061204642857143,Robot
10,continuous,Robot4,2,verifier,result_call,0.021004889642857145,Robot
10,continuous,Robot4,2,verifier,signatures_fetch,0.0037358795000000003,Robot
10,continuous,Robot4,2,verifier,total_lifecycle,0.024806353142857143,Robot
10,continuous,Robot4,2,verifier,verify_compute,7.205e-07,Robot
10,continuous,Robot4,3,prover,e2e_blockchain,5.303424171272727,Robot
10,continuous,Robot4,3,prover,evidence_call,0.013391410363636364,Robot
10,continuous,Robot4,3,prover,total_lifecycle,5.5073243057272725,Robot
10,continuous,Robot4,3,verifier,reaction_time,0.010023206384615384,Robot
10,continuous,Robot4,3,verifier,result_call,0.01401681569230769,Robot
10,continuous,Robot4,3,verifier,signatures_fetch,0.0022827881538461537,Robot
10,continuous,Robot4,3,verifier,total_lifecycle,0.01639532546153846,Robot
10,continuous,Robot4,3,verifier,verify_compute,6.417692307692308e-07,Robot
10,continuous,Robot4,4,prover,e2e_blockchain,5.1892367169090905,Robot
10,continuous,Robot4,4,prover,evidence_call,0.019538065,Robot
10,continuous,Robot4,4,prover,total_lifecycle,5.395754183909091,Robot
10,continuous,Robot4,4,verifier,reaction_time,0.007949484833333334,Robot
10,continuous,Robot4,4,verifier,result_call,0.011628317833333332,Robot
10,continuous,Robot4,4,verifier,signatures_fetch,0.0018117049166666668,Robot
10,continuous,Robot4,4,verifier,total_lifecycle,0.013503576083333335,Robot
10,continuous,Robot4,4,verifier,verify_compute,6.515833333333332e-07,Robot
10,continuous,Robot4,5,prover,e2e_blockchain,5.256171419454545,Robot
10,continuous,Robot4,5,prover,evidence_call,0.015936430545454544,Robot
10,continuous,Robot4,5,prover,total_lifecycle,5.501878022363637,Robot
10,continuous,Robot4,5,verifier,reaction_time,0.00420713425,Robot
10,continuous,Robot4,5,verifier,result_call,0.012750450000000002,Robot
10,continuous,Robot4,5,verifier,signatures_fetch,0.002034770416666667,Robot
10,continuous,Robot4,5,verifier,total_lifecycle,0.014890628166666668,Robot
10,continuous,Robot4,5,verifier,verify_compute,7.051666666666666e-07,Robot
10,continuous,Robot5,1,prover,e2e_blockchain,5.1127150952000004,Robot
10,continuous,Robot5,1,prover,evidence_call,0.0132711023,Robot
10,continuous,Robot5,1,prover,total_lifecycle,5.3278580764,Robot
10,continuous,Robot5,1,verifier,reaction_time,0.0069527239999999995,Robot
10,continuous,Robot5,1,verifier,result_call,0.018056047272727273,Robot
10,continuous,Robot5,1,verifier,signatures_fetch,0.003733204,Robot
10,continuous,Robot5,1,verifier,total_lifecycle,0.021896218,Robot
10,continuous,Robot5,1,verifier,verify_compute,6.863636363636365e-07,Robot
10,continuous,Robot5,2,prover,e2e_blockchain,5.089437383363637,Robot
10,continuous,Robot5,2,prover,evidence_call,0.016127961090909092,Robot
10,continuous,Robot5,2,prover,total_lifecycle,5.311681047727273,Robot
10,continuous,Robot5,2,verifier,reaction_time,0.006229532142857143,Robot
10,continuous,Robot5,2,verifier,result_call,0.014244429500000001,Robot
10,continuous,Robot5,2,verifier,signatures_fetch,0.0027718030714285716,Robot
10,continuous,Robot5,2,verifier,total_lifecycle,0.017093841285714288,Robot
10,continuous,Robot5,2,verifier,verify_compute,6.965714285714286e-07,Robot
10,continuous,Robot5,3,prover,e2e_blockchain,4.907282102454546,Robot
10,continuous,Robot5,3,prover,evidence_call,0.02051767372727273,Robot
10,continuous,Robot5,3,prover,total_lifecycle,5.1235742619090905,Robot
10,continuous,Robot5,3,verifier,reaction_time,0.005480626,Robot
10,continuous,Robot5,3,verifier,result_call,0.0137070908,Robot
10,continuous,Robot5,3,verifier,signatures_fetch,0.0021325534,Robot
10,continuous,Robot5,3,verifier,total_lifecycle,0.015921368333333335,Robot
10,continuous,Robot5,3,verifier,verify_compute,6.723333333333333e-07,Robot
10,continuous,Robot5,4,prover,e2e_blockchain,5.1992382373636366,Robot
10,continuous,Robot5,4,prover,evidence_call,0.015934731818181818,Robot
10,continuous,Robot5,4,prover,total_lifecycle,5.412551097181818,Robot
10,continuous,Robot5,4,verifier,reaction_time,0.003890088833333333,Robot
10,continuous,Robot5,4,verifier,result_call,0.012248369916666666,Robot
10,continuous,Robot5,4,verifier,signatures_fetch,0.0022776104166666667,Robot
10,continuous,Robot5,4,verifier,total_lifecycle,0.014614674,Robot
10,continuous,Robot5,4,verifier,verify_compute,1.6396666666666665e-06,Robot
10,continuous,Robot5,5,prover,e2e_blockchain,5.175725518909091,Robot
10,continuous,Robot5,5,prover,evidence_call,0.009317942454545454,Robot
10,continuous,Robot5,5,prover,total_lifecycle,5.443973843272728,Robot
10,continuous,Robot5,5,verifier,reaction_time,0.0072105653636363645,Robot
10,continuous,Robot5,5,verifier,result_call,0.017584594272727273,Robot
10,continuous,Robot5,5,verifier,signatures_fetch,0.007654536727272728,Robot
10,continuous,Robot5,5,verifier,total_lifecycle,0.025321666,Robot
10,continuous,Robot5,5,verifier,verify_compute,7.181818181818182e-07,Robot
10,continuous,Robot6,1,prover,e2e_blockchain,5.036750924090909,Robot
10,continuous,Robot6,1,prover,evidence_call,0.015534015545454544,Robot
10,continuous,Robot6,1,prover,total_lifecycle,5.220006194181818,Robot
10,continuous,Robot6,1,verifier,reaction_time,0.009793238666666667,Robot
10,continuous,Robot6,1,verifier,result_call,0.017474479444444444,Robot
10,continuous,Robot6,1,verifier,signatures_fetch,0.004512329555555555,Robot
10,continuous,Robot6,1,verifier,total_lifecycle,0.022068757888888887,Robot
10,continuous,Robot6,1,verifier,verify_compute,7.227777777777777e-07,Robot
10,continuous,Robot6,2,prover,e2e_blockchain,5.076476173090909,Robot
10,continuous,Robot6,2,prover,evidence_call,0.012951776363636364,Robot
10,continuous,Robot6,2,prover,total_lifecycle,5.298338260272727,Robot
10,continuous,Robot6,2,verifier,reaction_time,0.003757001625,Robot
10,continuous,Robot6,2,verifier,result_call,0.014438179374999999,Robot
10,continuous,Robot6,2,verifier,signatures_fetch,0.002834922625,Robot
10,continuous,Robot6,2,verifier,total_lifecycle,0.017363728374999998,Robot
10,continuous,Robot6,2,verifier,verify_compute,7.2625e-07,Robot
10,continuous,Robot6,3,prover,e2e_blockchain,5.0432946329999995,Robot
10,continuous,Robot6,3,prover,evidence_call,0.010709516454545454,Robot
10,continuous,Robot6,3,prover,total_lifecycle,5.218997437818182,Robot
10,continuous,Robot6,3,verifier,reaction_time,0.004398022333333334,Robot
10,continuous,Robot6,3,verifier,result_call,0.01490775488888889,Robot
10,continuous,Robot6,3,verifier,signatures_fetch,0.0019365548888888888,Robot
10,continuous,Robot6,3,verifier,total_lifecycle,0.016940919,Robot
10,continuous,Robot6,3,verifier,verify_compute,6.498888888888889e-07,Robot
10,continuous,Robot6,4,prover,e2e_blockchain,5.055869112,Robot
10,continuous,Robot6,4,prover,evidence_call,0.011020968272727272,Robot
10,continuous,Robot6,4,prover,total_lifecycle,5.270755444818182,Robot
10,continuous,Robot6,4,verifier,reaction_time,0.00377276575,Robot
10,continuous,Robot6,4,verifier,result_call,0.017092101375,Robot
10,continuous,Robot6,4,verifier,signatures_fetch,0.0040008225,Robot
10,continuous,Robot6,4,verifier,total_lifecycle,0.02117831575,Robot
10,continuous,Robot6,4,verifier,verify_compute,6.835e-07,Robot
10,continuous,Robot6,5,prover,e2e_blockchain,5.080038812090909,Robot
10,continuous,Robot6,5,prover,evidence_call,0.01875656281818182,Robot
10,continuous,Robot6,5,prover,total_lifecycle,5.3268189023636365,Robot
10,continuous,Robot6,5,verifier,reaction_time,0.0074290047857142865,Robot
10,continuous,Robot6,5,verifier,result_call,0.011148993642857142,Robot
10,continuous,Robot6,5,verifier,signatures_fetch,0.002069072142857143,Robot
10,continuous,Robot6,5,verifier,total_lifecycle,0.013291328214285714,Robot
10,continuous,Robot6,5,verifier,verify_compute,7.166428571428572e-07,Robot
10,continuous,Robot7,1,prover,e2e_blockchain,5.087806840090909,Robot
10,continuous,Robot7,1,prover,evidence_call,0.012371063636363637,Robot
10,continuous,Robot7,1,prover,total_lifecycle,5.2984934255454545,Robot
10,continuous,Robot7,1,verifier,reaction_time,0.012456502,Robot
10,continuous,Robot7,1,verifier,result_call,0.02139123176923077,Robot
10,continuous,Robot7,1,verifier,signatures_fetch,0.003285156538461539,Robot
10,continuous,Robot7,1,verifier,total_lifecycle,0.02475435976923077,Robot
10,continuous,Robot7,1,verifier,verify_compute,6.72076923076923e-07,Robot
10,continuous,Robot7,2,prover,e2e_blockchain,5.126079446636364,Robot
10,continuous,Robot7,2,prover,evidence_call,0.012840273636363636,Robot
10,continuous,Robot7,2,prover,total_lifecycle,5.318627270636363,Robot
10,continuous,Robot7,2,verifier,reaction_time,0.014385408785714286,Robot
10,continuous,Robot7,2,verifier,result_call,0.019237543785714288,Robot
10,continuous,Robot7,2,verifier,signatures_fetch,0.0032365474285714286,Robot
10,continuous,Robot7,2,verifier,total_lifecycle,0.022562577642857146,Robot
10,continuous,Robot7,2,verifier,verify_compute,7.105e-07,Robot
10,continuous,Robot7,3,prover,e2e_blockchain,4.938756972090909,Robot
10,continuous,Robot7,3,prover,evidence_call,0.015591852818181819,Robot
10,continuous,Robot7,3,prover,total_lifecycle,5.117447812181818,Robot
10,continuous,Robot7,3,verifier,reaction_time,0.010920264923076923,Robot
10,continuous,Robot7,3,verifier,result_call,0.014274888769230769,Robot
10,continuous,Robot7,3,verifier,signatures_fetch,0.0021516105384615384,Robot
10,continuous,Robot7,3,verifier,total_lifecycle,0.016512059153846154,Robot
10,continuous,Robot7,3,verifier,verify_compute,6.723846153846153e-07,Robot
10,continuous,Robot7,4,prover,e2e_blockchain,5.071577330636363,Robot
10,continuous,Robot7,4,prover,evidence_call,0.015852218636363633,Robot
10,continuous,Robot7,4,prover,total_lifecycle,5.272912000636364,Robot
10,continuous,Robot7,4,verifier,reaction_time,0.0057412466,Robot
10,continuous,Robot7,4,verifier,result_call,0.0126389901,Robot
10,continuous,Robot7,4,verifier,signatures_fetch,0.0022933347,Robot
10,continuous,Robot7,4,verifier,total_lifecycle,0.0150195888,Robot
10,continuous,Robot7,4,verifier,verify_compute,2.0818e-06,Robot
10,continuous,Robot7,5,prover,e2e_blockchain,4.928051481545454,Robot
10,continuous,Robot7,5,prover,evidence_call,0.015387937545454545,Robot
10,continuous,Robot7,5,prover,total_lifecycle,5.0893865709999995,Robot
10,continuous,Robot7,5,verifier,reaction_time,0.0039846643749999995,Robot
10,continuous,Robot7,5,verifier,result_call,0.011394532124999999,Robot
10,continuous,Robot7,5,verifier,signatures_fetch,0.00199484825,Robot
10,continuous,Robot7,5,verifier,total_lifecycle,0.013471579749999999,Robot
10,continuous,Robot7,5,verifier,verify_compute,6.5775e-07,Robot
10,continuous,Robot8,1,prover,e2e_blockchain,5.125934217,Robot
10,continuous,Robot8,1,prover,evidence_call,0.01689711209090909,Robot
10,continuous,Robot8,1,prover,total_lifecycle,5.350523023909091,Robot
10,continuous,Robot8,1,verifier,reaction_time,0.006861923583333333,Robot
10,continuous,Robot8,1,verifier,result_call,0.015001464833333332,Robot
10,continuous,Robot8,1,verifier,signatures_fetch,0.00523054,Robot
10,continuous,Robot8,1,verifier,total_lifecycle,0.02034166225,Robot
10,continuous,Robot8,1,verifier,verify_compute,7.386666666666667e-07,Robot
10,continuous,Robot8,2,prover,e2e_blockchain,5.220366945272727,Robot
10,continuous,Robot8,2,prover,evidence_call,0.01657288981818182,Robot
10,continuous,Robot8,2,prover,total_lifecycle,5.423563696727272,Robot
10,continuous,Robot8,2,verifier,reaction_time,0.004644533181818181,Robot
10,continuous,Robot8,2,verifier,result_call,0.017569676727272728,Robot
10,continuous,Robot8,2,verifier,signatures_fetch,0.0060303072727272726,Robot
10,continuous,Robot8,2,verifier,total_lifecycle,0.023689064727272727,Robot
10,continuous,Robot8,2,verifier,verify_compute,6.768181818181819e-07,Robot
10,continuous,Robot8,3,prover,e2e_blockchain,4.977227785818181,Robot
10,continuous,Robot8,3,prover,evidence_call,0.015647411636363635,Robot
10,continuous,Robot8,3,prover,total_lifecycle,5.138965693909091,Robot
10,continuous,Robot8,3,verifier,reaction_time,0.005382827999999999,Robot
10,continuous,Robot8,3,verifier,result_call,0.014021478416666665,Robot
10,continuous,Robot8,3,verifier,signatures_fetch,0.00190939025,Robot
10,continuous,Robot8,3,verifier,total_lifecycle,0.016009944416666668,Robot
10,continuous,Robot8,3,verifier,verify_compute,6.794166666666666e-07,Robot
10,continuous,Robot8,4,prover,e2e_blockchain,5.014658138000001,Robot
10,continuous,Robot8,4,prover,evidence_call,0.019273451454545454,Robot
10,continuous,Robot8,4,prover,total_lifecycle,5.232681068181818,Robot
10,continuous,Robot8,4,verifier,reaction_time,0.003866975615384615,Robot
10,continuous,Robot8,4,verifier,result_call,0.01712470469230769,Robot
10,continuous,Robot8,4,verifier,signatures_fetch,0.002722022153846154,Robot
10,continuous,Robot8,4,verifier,total_lifecycle,0.01993625607692308,Robot
10,continuous,Robot8,4,verifier,verify_compute,1.4285384615384614e-06,Robot
10,continuous,Robot8,5,prover,e2e_blockchain,5.201452494090909,Robot
10,continuous,Robot8,5,prover,evidence_call,0.012935164454545456,Robot
10,continuous,Robot8,5,prover,total_lifecycle,5.437846527272727,Robot
10,continuous,Robot8,5,verifier,reaction_time,0.00437693,Robot
10,continuous,Robot8,5,verifier,result_call,0.01796100058333333,Robot
10,continuous,Robot8,5,verifier,signatures_fetch,0.0017767978333333332,Robot
10,continuous,Robot8,5,verifier,total_lifecycle,0.01990366458333333,Robot
10,continuous,Robot8,5,verifier,verify_compute,6.388333333333334e-07,Robot
10,continuous,Robot9,1,prover,e2e_blockchain,5.036728418,Robot
10,continuous,Robot9,1,prover,evidence_call,0.010644755727272727,Robot
10,continuous,Robot9,1,prover,total_lifecycle,5.218284197636364,Robot
10,continuous,Robot9,1,verifier,reaction_time,0.005688476555555555,Robot
10,continuous,Robot9,1,verifier,result_call,0.019799396222222224,Robot
10,continuous,Robot9,1,verifier,signatures_fetch,0.005380774555555555,Robot
10,continuous,Robot9,1,verifier,total_lifecycle,0.025278540111111112,Robot
10,continuous,Robot9,1,verifier,verify_compute,7.158888888888889e-07,Robot
10,continuous,Robot9,2,prover,e2e_blockchain,5.1914608846363635,Robot
10,continuous,Robot9,2,prover,evidence_call,0.010556255545454545,Robot
10,continuous,Robot9,2,prover,total_lifecycle,5.379567123,Robot
10,continuous,Robot9,2,verifier,reaction_time,0.009838911818181818,Robot
10,continuous,Robot9,2,verifier,result_call,0.020590187727272728,Robot
10,continuous,Robot9,2,verifier,signatures_fetch,0.004130404363636363,Robot
10,continuous,Robot9,2,verifier,total_lifecycle,0.02480601418181818,Robot
10,continuous,Robot9,2,verifier,verify_compute,6.882727272727272e-07,Robot
10,continuous,Robot9,3,prover,e2e_blockchain,5.178601761636364,Robot
10,continuous,Robot9,3,prover,evidence_call,0.014866192181818182,Robot
10,continuous,Robot9,3,prover,total_lifecycle,5.3766029361818175,Robot
10,continuous,Robot9,3,verifier,reaction_time,0.012672816818181819,Robot
10,continuous,Robot9,3,verifier,result_call,0.013296395727272729,Robot
10,continuous,Robot9,3,verifier,signatures_fetch,0.002982605363636364,Robot
10,continuous,Robot9,3,verifier,total_lifecycle,0.016349194272727272,Robot
10,continuous,Robot9,3,verifier,verify_compute,7.17909090909091e-07,Robot
10,continuous,Robot9,4,prover,e2e_blockchain,5.123902629272727,Robot
10,continuous,Robot9,4,prover,evidence_call,0.013141446545454545,Robot
10,continuous,Robot9,4,prover,total_lifecycle,5.3368068754545455,Robot
10,continuous,Robot9,4,verifier,reaction_time,0.003725059916666667,Robot
10,continuous,Robot9,4,verifier,result_call,0.017343156083333332,Robot
10,continuous,Robot9,4,verifier,signatures_fetch,0.0024422125,Robot
10,continuous,Robot9,4,verifier,total_lifecycle,0.019872155833333332,Robot
10,continuous,Robot9,4,verifier,verify_compute,6.59e-07,Robot
10,continuous,Robot9,5,prover,e2e_blockchain,5.228765751545454,Robot
10,continuous,Robot9,5,prover,evidence_call,0.009787182545454546,Robot
10,continuous,Robot9,5,prover,total_lifecycle,5.4645716637272725,Robot
10,continuous,Robot9,5,verifier,reaction_time,0.005370007230769231,Robot
10,continuous,Robot9,5,verifier,result_call,0.012559072538461538,Robot
10,continuous,Robot9,5,verifier,signatures_fetch,0.0025516229230769234,Robot
10,continuous,Robot9,5,verifier,total_lifecycle,0.015202747230769233,Robot
10,continuous,Robot9,5,verifier,verify_compute,6.945384615384615e-07,Robot
10,continuous,SECaaS,1,oracle,db_lookup,0.0012710745210084034,SECaaS
10,continuous,SECaaS,1,oracle,prover_addr_fetch,0.01405156644537815,SECaaS
10,continuous,SECaaS,1,oracle,reaction_time,0.42099508005882347,SECaaS
10,continuous,SECaaS,1,oracle,ref_signature_call,0.04603898409243698,SECaaS
10,continuous,SECaaS,1,oracle,total_lifecycle,0.08660662902521009,SECaaS
10,continuous,SECaaS,2,oracle,db_lookup,0.0012112983220338984,SECaaS
10,continuous,SECaaS,2,oracle,prover_addr_fetch,0.012282358237288135,SECaaS
10,continuous,SECaaS,2,oracle,reaction_time,0.3659046760084746,SECaaS
10,continuous,SECaaS,2,oracle,ref_signature_call,0.038345913237288136,SECaaS
10,continuous,SECaaS,2,oracle,total_lifecycle,0.07292354970338982,SECaaS
10,continuous,SECaaS,3,oracle,db_lookup,0.0012069287868852459,SECaaS
10,continuous,SECaaS,3,oracle,prover_addr_fetch,0.012550869590163934,SECaaS
10,continuous,SECaaS,3,oracle,reaction_time,0.3076736866229508,SECaaS
10,continuous,SECaaS,3,oracle,ref_signature_call,0.037065017581967216,SECaaS
10,continuous,SECaaS,3,oracle,total_lifecycle,0.07135028504918033,SECaaS
10,continuous,SECaaS,4,oracle,db_lookup,0.0012716372566371683,SECaaS
10,continuous,SECaaS,4,oracle,prover_addr_fetch,0.012291708681415929,SECaaS
10,continuous,SECaaS,4,oracle,reaction_time,0.3443893565929203,SECaaS
10,continuous,SECaaS,4,oracle,ref_signature_call,0.03926421059292035,SECaaS
10,continuous,SECaaS,4,oracle,total_lifecycle,0.07472592178761062,SECaaS
10,continuous,SECaaS,5,oracle,db_lookup,0.0014175651587301588,SECaaS
10,continuous,SECaaS,5,oracle,prover_addr_fetch,0.012383415420634921,SECaaS
10,continuous,SECaaS,5,oracle,reaction_time,0.31219190619841275,SECaaS
10,continuous,SECaaS,5,oracle,ref_signature_call,0.0378450541984127,SECaaS
10,continuous,SECaaS,5,oracle,total_lifecycle,0.07276490408730159,SECaaS
10,startup,Robot1,1,prover,e2e_blockchain,4.52209402,Robot
10,startup,Robot1,1,prover,evidence_call,0.043018967000000005,Robot
10,startup,Robot1,1,prover,total_lifecycle,4.822983439,Robot
10,startup,Robot1,2,prover,e2e_blockchain,3.7165809129999996,Robot
10,startup,Robot1,2,prover,evidence_call,0.021456786999999998,Robot
10,startup,Robot1,2,prover,total_lifecycle,3.901379757,Robot
10,startup,Robot1,3,prover,e2e_blockchain,3.607133331,Robot
10,startup,Robot1,3,prover,evidence_call,0.021647687999999998,Robot
10,startup,Robot1,3,prover,total_lifecycle,3.8053897780000003,Robot
10,startup,Robot1,4,prover,e2e_blockchain,3.733547674,Robot
10,startup,Robot1,4,prover,evidence_call,0.038489600000000006,Robot
10,startup,Robot1,4,prover,total_lifecycle,3.903936377,Robot
10,startup,Robot1,5,prover,e2e_blockchain,3.630900086,Robot
10,startup,Robot1,5,prover,evidence_call,0.015141733000000001,Robot
10,startup,Robot1,5,prover,total_lifecycle,3.8407305700000003,Robot
10,startup,Robot1,6,prover,e2e_blockchain,3.709725659,Robot
10,startup,Robot1,6,prover,evidence_call,0.010837613,Robot
10,startup,Robot1,6,prover,total_lifecycle,3.927854725,Robot
10,startup,Robot1,7,prover,e2e_blockchain,3.698606675,Robot
10,startup,Robot1,7,prover,evidence_call,0.011524133,Robot
10,startup,Robot1,7,prover,total_lifecycle,3.846036262,Robot
10,startup,Robot1,8,prover,e2e_blockchain,3.5673294049999997,Robot
10,startup,Robot1,8,prover,evidence_call,0.010349374,Robot
10,startup,Robot1,8,prover,total_lifecycle,3.822819774,Robot
10,startup,Robot1,9,prover,e2e_blockchain,3.6758969350000004,Robot
10,startup,Robot1,9,prover,evidence_call,0.021423192,Robot
10,startup,Robot1,9,prover,total_lifecycle,3.831438324,Robot
10,startup,Robot1,10,prover,e2e_blockchain,5.555752359,Robot
10,startup,Robot1,10,prover,evidence_call,0.019240099,Robot
10,startup,Robot1,10,prover,total_lifecycle,5.745339245,Robot
10,startup,Robot10,1,prover,e2e_blockchain,4.491569697,Robot
10,startup,Robot10,1,prover,evidence_call,0.026855556,Robot
10,startup,Robot10,1,prover,total_lifecycle,4.808872021999999,Robot
10,startup,Robot10,2,prover,e2e_blockchain,3.6118880939999998,Robot
10,startup,Robot10,2,prover,evidence_call,0.019495000000000002,Robot
10,startup,Robot10,2,prover,total_lifecycle,3.888635818,Robot
10,startup,Robot10,3,prover,e2e_blockchain,3.603859414,Robot
10,startup,Robot10,3,prover,evidence_call,0.028900202,Robot
10,startup,Robot10,3,prover,total_lifecycle,3.776822255,Robot
10,startup,Robot10,4,prover,e2e_blockchain,3.663919526,Robot
10,startup,Robot10,4,prover,evidence_call,0.018934205,Robot
10,startup,Robot10,4,prover,total_lifecycle,3.879953853,Robot
10,startup,Robot10,5,prover,e2e_blockchain,3.69054951,Robot
10,startup,Robot10,5,prover,evidence_call,0.0192787,Robot
10,startup,Robot10,5,prover,total_lifecycle,3.852926038,Robot
10,startup,Robot10,6,prover,e2e_blockchain,3.683143373,Robot
10,startup,Robot10,6,prover,evidence_call,0.016602168,Robot
10,startup,Robot10,6,prover,total_lifecycle,3.8757872790000003,Robot
10,startup,Robot10,7,prover,e2e_blockchain,3.5926030150000003,Robot
10,startup,Robot10,7,prover,evidence_call,0.01872483,Robot
10,startup,Robot10,7,prover,total_lifecycle,3.819145491,Robot
10,startup,Robot10,8,prover,e2e_blockchain,3.4782218560000002,Robot
10,startup,Robot10,8,prover,evidence_call,0.018204671999999998,Robot
10,startup,Robot10,8,prover,total_lifecycle,3.781411357,Robot
10,startup,Robot10,9,prover,e2e_blockchain,3.586347499,Robot
10,startup,Robot10,9,prover,evidence_call,0.025213529999999998,Robot
10,startup,Robot10,9,prover,total_lifecycle,3.7898145800000003,Robot
10,startup,Robot10,10,prover,e2e_blockchain,3.570955919,Robot
10,startup,Robot10,10,prover,evidence_call,0.032927019,Robot
10,startup,Robot10,10,prover,total_lifecycle,3.759944156,Robot
10,startup,Robot2,1,prover,e2e_blockchain,4.504917807,Robot
10,startup,Robot2,1,prover,evidence_call,0.045846739,Robot
10,startup,Robot2,1,prover,total_lifecycle,4.798684124999999,Robot
10,startup,Robot2,2,prover,e2e_blockchain,3.721450746,Robot
10,startup,Robot2,2,prover,evidence_call,0.012409698,Robot
10,startup,Robot2,2,prover,total_lifecycle,3.884995241,Robot
10,startup,Robot2,3,prover,e2e_blockchain,3.678716121,Robot
10,startup,Robot2,3,prover,evidence_call,0.011080653999999999,Robot
10,startup,Robot2,3,prover,total_lifecycle,3.785711897,Robot
10,startup,Robot2,4,prover,e2e_blockchain,3.700063876,Robot
10,startup,Robot2,4,prover,evidence_call,0.010883498,Robot
10,startup,Robot2,4,prover,total_lifecycle,3.8950404659999998,Robot
10,startup,Robot2,5,prover,e2e_blockchain,3.5891112090000004,Robot
10,startup,Robot2,5,prover,evidence_call,0.008353127,Robot
10,startup,Robot2,5,prover,total_lifecycle,3.8548770020000003,Robot
10,startup,Robot2,6,prover,e2e_blockchain,3.66999935,Robot
10,startup,Robot2,6,prover,evidence_call,0.030121237000000002,Robot
10,startup,Robot2,6,prover,total_lifecycle,3.8949916250000003,Robot
10,startup,Robot2,7,prover,e2e_blockchain,3.6662797030000003,Robot
10,startup,Robot2,7,prover,evidence_call,0.011773647,Robot
10,startup,Robot2,7,prover,total_lifecycle,3.815567243,Robot
10,startup,Robot2,8,prover,e2e_blockchain,3.655352765,Robot
10,startup,Robot2,8,prover,evidence_call,0.012719753,Robot
10,startup,Robot2,8,prover,total_lifecycle,3.80546771,Robot
10,startup,Robot2,9,prover,e2e_blockchain,3.571702796,Robot
10,startup,Robot2,9,prover,evidence_call,0.025972966,Robot
10,startup,Robot2,9,prover,total_lifecycle,3.815051991,Robot
10,startup,Robot2,10,prover,e2e_blockchain,3.559698997,Robot
10,startup,Robot2,10,prover,evidence_call,0.013043817000000001,Robot
10,startup,Robot2,10,prover,total_lifecycle,3.768577018,Robot
10,startup,Robot3,1,prover,e2e_blockchain,2.538385914,Robot
10,startup,Robot3,1,prover,evidence_call,0.057167011000000004,Robot
10,startup,Robot3,1,prover,total_lifecycle,2.8337940720000003,Robot
10,startup,Robot3,2,prover,e2e_blockchain,3.660162094,Robot
10,startup,Robot3,2,prover,evidence_call,0.016193534,Robot
10,startup,Robot3,2,prover,total_lifecycle,3.869598191,Robot
10,startup,Robot3,3,prover,e2e_blockchain,3.577921715,Robot
10,startup,Robot3,3,prover,evidence_call,0.038112821,Robot
10,startup,Robot3,3,prover,total_lifecycle,3.761620175,Robot
10,startup,Robot3,4,prover,e2e_blockchain,3.759464535,Robot
10,startup,Robot3,4,prover,evidence_call,0.010621749,Robot
10,startup,Robot3,4,prover,total_lifecycle,3.88969494,Robot
10,startup,Robot3,5,prover,e2e_blockchain,3.681808046,Robot
10,startup,Robot3,5,prover,evidence_call,0.021867262000000002,Robot
10,startup,Robot3,5,prover,total_lifecycle,3.843670783,Robot
10,startup,Robot3,6,prover,e2e_blockchain,3.754049611,Robot
10,startup,Robot3,6,prover,evidence_call,0.011295557999999999,Robot
10,startup,Robot3,6,prover,total_lifecycle,3.896095346,Robot
10,startup,Robot3,7,prover,e2e_blockchain,3.504910978,Robot
10,startup,Robot3,7,prover,evidence_call,0.015607631,Robot
10,startup,Robot3,7,prover,total_lifecycle,3.8340101239999997,Robot
10,startup,Robot3,8,prover,e2e_blockchain,3.6297121750000003,Robot
10,startup,Robot3,8,prover,evidence_call,0.01183583,Robot
10,startup,Robot3,8,prover,total_lifecycle,3.818344304,Robot
10,startup,Robot3,9,prover,e2e_blockchain,3.5645761269999996,Robot
10,startup,Robot3,9,prover,evidence_call,0.022139938999999997,Robot
10,startup,Robot3,9,prover,total_lifecycle,3.81250592,Robot
10,startup,Robot3,10,prover,e2e_blockchain,5.615965911,Robot
10,startup,Robot3,10,prover,evidence_call,0.057233231,Robot
10,startup,Robot3,10,prover,total_lifecycle,5.733062777,Robot
10,startup,Robot4,1,prover,e2e_blockchain,4.596877518,Robot
10,startup,Robot4,1,prover,evidence_call,0.074867525,Robot
10,startup,Robot4,1,prover,total_lifecycle,4.8120042860000005,Robot
10,startup,Robot4,2,prover,e2e_blockchain,3.683834863,Robot
10,startup,Robot4,2,prover,evidence_call,0.021740469999999998,Robot
10,startup,Robot4,2,prover,total_lifecycle,3.881977875,Robot
10,startup,Robot4,3,prover,e2e_blockchain,3.611924171,Robot
10,startup,Robot4,3,prover,evidence_call,0.013376029000000001,Robot
10,startup,Robot4,3,prover,total_lifecycle,3.774546937,Robot
10,startup,Robot4,4,prover,e2e_blockchain,3.700274194,Robot
10,startup,Robot4,4,prover,evidence_call,0.011432819,Robot
10,startup,Robot4,4,prover,total_lifecycle,3.906912666,Robot
10,startup,Robot4,5,prover,e2e_blockchain,3.666865778,Robot
10,startup,Robot4,5,prover,evidence_call,0.009606825000000001,Robot
10,startup,Robot4,5,prover,total_lifecycle,3.8354878560000003,Robot
10,startup,Robot4,6,prover,e2e_blockchain,3.653956445,Robot
10,startup,Robot4,6,prover,evidence_call,0.009872223999999999,Robot
10,startup,Robot4,6,prover,total_lifecycle,3.86871908,Robot
10,startup,Robot4,7,prover,e2e_blockchain,3.672886505,Robot
10,startup,Robot4,7,prover,evidence_call,0.011283251,Robot
10,startup,Robot4,7,prover,total_lifecycle,3.826474712,Robot
10,startup,Robot4,8,prover,e2e_blockchain,3.579891127,Robot
10,startup,Robot4,8,prover,evidence_call,0.035108522,Robot
10,startup,Robot4,8,prover,total_lifecycle,3.7923055199999998,Robot
10,startup,Robot4,9,prover,e2e_blockchain,3.562498796,Robot
10,startup,Robot4,9,prover,evidence_call,0.016163893999999998,Robot
10,startup,Robot4,9,prover,total_lifecycle,3.800645093,Robot
10,startup,Robot4,10,prover,e2e_blockchain,3.587363214,Robot
10,startup,Robot4,10,prover,evidence_call,0.020856646000000003,Robot
10,startup,Robot4,10,prover,total_lifecycle,3.769230411,Robot
10,startup,Robot5,1,prover,e2e_blockchain,4.58572946,Robot
10,startup,Robot5,1,prover,evidence_call,0.065802792,Robot
10,startup,Robot5,1,prover,total_lifecycle,4.804510234,Robot
10,startup,Robot5,2,prover,e2e_blockchain,3.615224026,Robot
10,startup,Robot5,2,prover,evidence_call,0.017921676,Robot
10,startup,Robot5,2,prover,total_lifecycle,3.887074306,Robot
10,startup,Robot5,3,prover,e2e_blockchain,3.619015443,Robot
10,startup,Robot5,3,prover,evidence_call,0.014784974999999999,Robot
10,startup,Robot5,3,prover,total_lifecycle,3.784813705,Robot
10,startup,Robot5,4,prover,e2e_blockchain,3.699124197,Robot
10,startup,Robot5,4,prover,evidence_call,0.007356779999999999,Robot
10,startup,Robot5,4,prover,total_lifecycle,3.8835503680000003,Robot
10,startup,Robot5,5,prover,e2e_blockchain,3.592142316,Robot
10,startup,Robot5,5,prover,evidence_call,0.016512619,Robot
10,startup,Robot5,5,prover,total_lifecycle,3.853882818,Robot
10,startup,Robot5,6,prover,e2e_blockchain,3.668484563,Robot
10,startup,Robot5,6,prover,evidence_call,0.014140027,Robot
10,startup,Robot5,6,prover,total_lifecycle,3.871410274,Robot
10,startup,Robot5,7,prover,e2e_blockchain,3.4981339389999997,Robot
10,startup,Robot5,7,prover,evidence_call,0.008957928,Robot
10,startup,Robot5,7,prover,total_lifecycle,3.8223074109999997,Robot
10,startup,Robot5,8,prover,e2e_blockchain,3.578881607,Robot
10,startup,Robot5,8,prover,evidence_call,0.01079834,Robot
10,startup,Robot5,8,prover,total_lifecycle,3.7918037410000003,Robot
10,startup,Robot5,9,prover,e2e_blockchain,3.5745306030000004,Robot
10,startup,Robot5,9,prover,evidence_call,0.023291265,Robot
10,startup,Robot5,9,prover,total_lifecycle,3.801794339,Robot
10,startup,Robot5,10,prover,e2e_blockchain,3.571249257,Robot
10,startup,Robot5,10,prover,evidence_call,0.013813083,Robot
10,startup,Robot5,10,prover,total_lifecycle,3.7636144380000003,Robot
10,startup,Robot6,1,prover,e2e_blockchain,2.5093637629999996,Robot
10,startup,Robot6,1,prover,evidence_call,0.040235533,Robot
10,startup,Robot6,1,prover,total_lifecycle,2.826883748,Robot
10,startup,Robot6,2,prover,e2e_blockchain,3.6104342689999998,Robot
10,startup,Robot6,2,prover,evidence_call,0.019713728,Robot
10,startup,Robot6,2,prover,total_lifecycle,3.882189708,Robot
10,startup,Robot6,3,prover,e2e_blockchain,3.580808435,Robot
10,startup,Robot6,3,prover,evidence_call,0.035736884000000003,Robot
10,startup,Robot6,3,prover,total_lifecycle,3.763631496,Robot
10,startup,Robot6,4,prover,e2e_blockchain,3.678640224,Robot
10,startup,Robot6,4,prover,evidence_call,0.015058785,Robot
10,startup,Robot6,4,prover,total_lifecycle,3.87647697,Robot
10,startup,Robot6,5,prover,e2e_blockchain,3.683329357,Robot
10,startup,Robot6,5,prover,evidence_call,0.020384189,Robot
10,startup,Robot6,5,prover,total_lifecycle,3.842918509,Robot
10,startup,Robot6,6,prover,e2e_blockchain,3.66154268,Robot
10,startup,Robot6,6,prover,evidence_call,0.014786953,Robot
10,startup,Robot6,6,prover,total_lifecycle,3.8667470170000002,Robot
10,startup,Robot6,7,prover,e2e_blockchain,3.676332382,Robot
10,startup,Robot6,7,prover,evidence_call,0.015099148,Robot
10,startup,Robot6,7,prover,total_lifecycle,3.833602113,Robot
10,startup,Robot6,8,prover,e2e_blockchain,3.570864091,Robot
10,startup,Robot6,8,prover,evidence_call,0.010257405,Robot
10,startup,Robot6,8,prover,total_lifecycle,3.789959464,Robot
10,startup,Robot6,9,prover,e2e_blockchain,3.536034977,Robot
10,startup,Robot6,9,prover,evidence_call,0.017453175,Robot
10,startup,Robot6,9,prover,total_lifecycle,3.797106871,Robot
10,startup,Robot6,10,prover,e2e_blockchain,3.567088431,Robot
10,startup,Robot6,10,prover,evidence_call,0.040993620999999994,Robot
10,startup,Robot6,10,prover,total_lifecycle,3.758209115,Robot
10,startup,Robot7,1,prover,e2e_blockchain,2.579718817,Robot
10,startup,Robot7,1,prover,evidence_call,0.07681737,Robot
10,startup,Robot7,1,prover,total_lifecycle,2.793157372,Robot
10,startup,Robot7,2,prover,e2e_blockchain,3.7121164600000003,Robot
10,startup,Robot7,2,prover,evidence_call,0.022706513999999997,Robot
10,startup,Robot7,2,prover,total_lifecycle,3.874994557,Robot
10,startup,Robot7,3,prover,e2e_blockchain,3.5868181359999998,Robot
10,startup,Robot7,3,prover,evidence_call,0.016605595,Robot
10,startup,Robot7,3,prover,total_lifecycle,3.785468907,Robot
10,startup,Robot7,4,prover,e2e_blockchain,3.7028430400000003,Robot
10,startup,Robot7,4,prover,evidence_call,0.010320401,Robot
10,startup,Robot7,4,prover,total_lifecycle,3.886762533,Robot
10,startup,Robot7,5,prover,e2e_blockchain,3.663834084,Robot
10,startup,Robot7,5,prover,evidence_call,0.015477907999999999,Robot
10,startup,Robot7,5,prover,total_lifecycle,3.84221995,Robot
10,startup,Robot7,6,prover,e2e_blockchain,3.57940675,Robot
10,startup,Robot7,6,prover,evidence_call,0.011229662,Robot
10,startup,Robot7,6,prover,total_lifecycle,3.866368476,Robot
10,startup,Robot7,7,prover,e2e_blockchain,3.56925742,Robot
10,startup,Robot7,7,prover,evidence_call,0.011246788,Robot
10,startup,Robot7,7,prover,total_lifecycle,3.8253077269999998,Robot
10,startup,Robot7,8,prover,e2e_blockchain,3.5688600029999997,Robot
10,startup,Robot7,8,prover,evidence_call,0.015943273,Robot
10,startup,Robot7,8,prover,total_lifecycle,3.7911480969999998,Robot
10,startup,Robot7,9,prover,e2e_blockchain,3.643057697,Robot
10,startup,Robot7,9,prover,evidence_call,0.012295674,Robot
10,startup,Robot7,9,prover,total_lifecycle,3.789491568,Robot
10,startup,Robot7,10,prover,e2e_blockchain,3.565677158,Robot
10,startup,Robot7,10,prover,evidence_call,0.014563392,Robot
10,startup,Robot7,10,prover,total_lifecycle,3.766592912,Robot
10,startup,Robot8,1,prover,e2e_blockchain,4.599905186,Robot
10,startup,Robot8,1,prover,evidence_call,0.083651432,Robot
10,startup,Robot8,1,prover,total_lifecycle,4.812651556,Robot
10,startup,Robot8,2,prover,e2e_blockchain,3.6150241810000003,Robot
10,startup,Robot8,2,prover,evidence_call,0.020168237999999998,Robot
10,startup,Robot8,2,prover,total_lifecycle,3.875615862,Robot
10,startup,Robot8,3,prover,e2e_blockchain,3.5885065199999997,Robot
10,startup,Robot8,3,prover,evidence_call,0.019462188999999998,Robot
10,startup,Robot8,3,prover,total_lifecycle,3.776576139,Robot
10,startup,Robot8,4,prover,e2e_blockchain,3.699396059,Robot
10,startup,Robot8,4,prover,evidence_call,0.020582426,Robot
10,startup,Robot8,4,prover,total_lifecycle,3.892517932,Robot
10,startup,Robot8,5,prover,e2e_blockchain,3.668114082,Robot
10,startup,Robot8,5,prover,evidence_call,0.015644766,Robot
10,startup,Robot8,5,prover,total_lifecycle,3.826551144,Robot
10,startup,Robot8,6,prover,e2e_blockchain,3.686274987,Robot
10,startup,Robot8,6,prover,evidence_call,0.019061195000000003,Robot
10,startup,Robot8,6,prover,total_lifecycle,3.890559204,Robot
10,startup,Robot8,7,prover,e2e_blockchain,3.677605131,Robot
10,startup,Robot8,7,prover,evidence_call,0.014033243,Robot
10,startup,Robot8,7,prover,total_lifecycle,3.827234959,Robot
10,startup,Robot8,8,prover,e2e_blockchain,3.669884477,Robot
10,startup,Robot8,8,prover,evidence_call,0.01319127,Robot
10,startup,Robot8,8,prover,total_lifecycle,3.7900156390000004,Robot
10,startup,Robot8,9,prover,e2e_blockchain,3.5602928499999997,Robot
10,startup,Robot8,9,prover,evidence_call,0.018295788,Robot
10,startup,Robot8,9,prover,total_lifecycle,3.778476223,Robot
10,startup,Robot8,10,prover,e2e_blockchain,3.5806121760000003,Robot
10,startup,Robot8,10,prover,evidence_call,0.015152075999999999,Robot
10,startup,Robot8,10,prover,total_lifecycle,3.766058334,Robot
10,startup,Robot9,1,prover,e2e_blockchain,4.4926648590000005,Robot
10,startup,Robot9,1,prover,evidence_call,0.03239843,Robot
10,startup,Robot9,1,prover,total_lifecycle,4.80464661,Robot
10,startup,Robot9,2,prover,e2e_blockchain,3.695872051,Robot
10,startup,Robot9,2,prover,evidence_call,0.023607802,Robot
10,startup,Robot9,2,prover,total_lifecycle,3.8847522239999996,Robot
10,startup,Robot9,3,prover,e2e_blockchain,3.592649922,Robot
10,startup,Robot9,3,prover,evidence_call,0.023658172,Robot
10,startup,Robot9,3,prover,total_lifecycle,3.7870651160000004,Robot
10,startup,Robot9,4,prover,e2e_blockchain,3.688557318,Robot
10,startup,Robot9,4,prover,evidence_call,0.02182759,Robot
10,startup,Robot9,4,prover,total_lifecycle,3.881708445,Robot
10,startup,Robot9,5,prover,e2e_blockchain,3.662198789,Robot
10,startup,Robot9,5,prover,evidence_call,0.010545375,Robot
10,startup,Robot9,5,prover,total_lifecycle,3.852931413,Robot
10,startup,Robot9,6,prover,e2e_blockchain,3.583934269,Robot
10,startup,Robot9,6,prover,evidence_call,0.012477272,Robot
10,startup,Robot9,6,prover,total_lifecycle,3.867457136,Robot
10,startup,Robot9,7,prover,e2e_blockchain,3.579507084,Robot
10,startup,Robot9,7,prover,evidence_call,0.010143448,Robot
10,startup,Robot9,7,prover,total_lifecycle,3.819134376,Robot
10,startup,Robot9,8,prover,e2e_blockchain,3.545059749,Robot
10,startup,Robot9,8,prover,evidence_call,0.023346275,Robot
10,startup,Robot9,8,prover,total_lifecycle,3.774527888,Robot
10,startup,Robot9,9,prover,e2e_blockchain,3.583498196,Robot
10,startup,Robot9,9,prover,evidence_call,0.022853855,Robot
10,startup,Robot9,9,prover,total_lifecycle,3.8004661,Robot
10,startup,Robot9,10,prover,e2e_blockchain,5.55155039,Robot
10,startup,Robot9,10,prover,evidence_call,0.014614921000000001,Robot
10,startup,Robot9,10,prover,total_lifecycle,5.738415851,Robot
10,startup,SECaaS,1,oracle,db_lookup,0.0018097858000000002,SECaaS
10,startup,SECaaS,1,oracle,prover_addr_fetch,0.0351549819,SECaaS
10,startup,SECaaS,1,oracle,reaction_time,1.4687065774,SECaaS
10,startup,SECaaS,1,verifier,reaction_time,1.4687065774,SECaaS
10,startup,SECaaS,1,verifier,result_call,0.11538844770000001,SECaaS
10,startup,SECaaS,1,verifier,signatures_fetch,0.026844364,SECaaS
10,startup,SECaaS,1,verifier,total_lifecycle,0.2340629778,SECaaS
10,startup,SECaaS,1,verifier,verify_compute,2.0648e-06,SECaaS
10,startup,SECaaS,2,oracle,db_lookup,0.0013211094,SECaaS
10,startup,SECaaS,2,oracle,prover_addr_fetch,0.0212351183,SECaaS
10,startup,SECaaS,2,oracle,reaction_time,0.8011527776999999,SECaaS
10,startup,SECaaS,2,verifier,reaction_time,0.8011527776999999,SECaaS
10,startup,SECaaS,2,verifier,result_call,0.0715091432,SECaaS
10,startup,SECaaS,2,verifier,signatures_fetch,0.0200982639,SECaaS
10,startup,SECaaS,2,verifier,total_lifecycle,0.1542593195,SECaaS
10,startup,SECaaS,2,verifier,verify_compute,3.151e-06,SECaaS
10,startup,SECaaS,3,oracle,db_lookup,0.0023961074,SECaaS
10,startup,SECaaS,3,oracle,prover_addr_fetch,0.027355417599999998,SECaaS
10,startup,SECaaS,3,oracle,reaction_time,0.7711713651000001,SECaaS
10,startup,SECaaS,3,verifier,reaction_time,0.7711713651000001,SECaaS
10,startup,SECaaS,3,verifier,result_call,0.0622158871,SECaaS
10,startup,SECaaS,3,verifier,signatures_fetch,0.0183379636,SECaaS
10,startup,SECaaS,3,verifier,total_lifecycle,0.1461799897,SECaaS
10,startup,SECaaS,3,verifier,verify_compute,1.6031e-06,SECaaS
10,startup,SECaaS,4,oracle,db_lookup,0.0013472847,SECaaS
10,startup,SECaaS,4,oracle,prover_addr_fetch,0.016165442199999998,SECaaS
10,startup,SECaaS,4,oracle,reaction_time,0.612570071,SECaaS
10,startup,SECaaS,4,verifier,reaction_time,0.612570071,SECaaS
10,startup,SECaaS,4,verifier,result_call,0.056876367100000005,SECaaS
10,startup,SECaaS,4,verifier,signatures_fetch,0.0134481417,SECaaS
10,startup,SECaaS,4,verifier,total_lifecycle,0.11961920430000002,SECaaS
10,startup,SECaaS,4,verifier,verify_compute,1.4126e-06,SECaaS
10,startup,SECaaS,5,oracle,db_lookup,0.0017585701999999997,SECaaS
10,startup,SECaaS,5,oracle,prover_addr_fetch,0.0146919821,SECaaS
10,startup,SECaaS,5,oracle,reaction_time,0.5525077212999999,SECaaS
10,startup,SECaaS,5,verifier,reaction_time,0.5525077212999999,SECaaS
10,startup,SECaaS,5,verifier,result_call,0.04655175860000001,SECaaS
10,startup,SECaaS,5,verifier,signatures_fetch,0.012380653299999999,SECaaS
10,startup,SECaaS,5,verifier,total_lifecycle,0.1005794663,SECaaS
10,startup,SECaaS,5,verifier,verify_compute,1.2778e-06,SECaaS
10,startup,SECaaS,6,oracle,db_lookup,0.0012674534,SECaaS
10,startup,SECaaS,6,oracle,prover_addr_fetch,0.01516055,SECaaS
10,startup,SECaaS,6,oracle,reaction_time,0.5590633661,SECaaS
10,startup,SECaaS,6,verifier,reaction_time,0.5590633661,SECaaS
10,startup,SECaaS,6,verifier,result_call,0.047412304,SECaaS
10,startup,SECaaS,6,verifier,signatures_fetch,0.0132693925,SECaaS
10,startup,SECaaS,6,verifier,total_lifecycle,0.1055716275,SECaaS
10,startup,SECaaS,6,verifier,verify_compute,1.3268e-06,SECaaS
10,startup,SECaaS,7,oracle,db_lookup,0.0013518733,SECaaS
10,startup,SECaaS,7,oracle,prover_addr_fetch,0.0131957557,SECaaS
10,startup,SECaaS,7,oracle,reaction_time,0.531966905,SECaaS
10,startup,SECaaS,7,verifier,reaction_time,0.531966905,SECaaS
10,startup,SECaaS,7,verifier,result_call,0.0461827633,SECaaS
10,startup,SECaaS,7,verifier,signatures_fetch,0.013370105900000002,SECaaS
10,startup,SECaaS,7,verifier,total_lifecycle,0.0971032996,SECaaS
10,startup,SECaaS,7,verifier,verify_compute,1.2128e-06,SECaaS
10,startup,SECaaS,8,oracle,db_lookup,0.0012212129,SECaaS
10,startup,SECaaS,8,oracle,prover_addr_fetch,0.0121417087,SECaaS
10,startup,SECaaS,8,oracle,reaction_time,0.49634172520000003,SECaaS
10,startup,SECaaS,8,verifier,reaction_time,0.49634172520000003,SECaaS
10,startup,SECaaS,8,verifier,result_call,0.0422998436,SECaaS
10,startup,SECaaS,8,verifier,signatures_fetch,0.0116856512,SECaaS
10,startup,SECaaS,8,verifier,total_lifecycle,0.0911966273,SECaaS
10,startup,SECaaS,8,verifier,verify_compute,1.2841e-06,SECaaS
10,startup,SECaaS,9,oracle,db_lookup,0.0010843227,SECaaS
10,startup,SECaaS,9,oracle,prover_addr_fetch,0.0144468716,SECaaS
10,startup,SECaaS,9,oracle,reaction_time,0.5667550191,SECaaS
10,startup,SECaaS,9,verifier,reaction_time,0.5667550191,SECaaS
10,startup,SECaaS,9,verifier,result_call,0.049260835600000004,SECaaS
10,startup,SECaaS,9,verifier,signatures_fetch,0.013462003,SECaaS
10,startup,SECaaS,9,verifier,total_lifecycle,0.1021921813,SECaaS
10,startup,SECaaS,9,verifier,verify_compute,1.2759000000000001e-06,SECaaS
10,startup,SECaaS,10,oracle,db_lookup,0.0018409443,SECaaS
10,startup,SECaaS,10,oracle,prover_addr_fetch,0.012266046,SECaaS
10,startup,SECaaS,10,oracle,reaction_time,1.1712821201,SECaaS
10,startup,SECaaS,10,verifier,reaction_time,1.1712821201,SECaaS
10,startup,SECaaS,10,verifier,result_call,0.0445907663,SECaaS
10,startup,SECaaS,10,verifier,signatures_fetch,0.0107124115,SECaaS
10,startup,SECaaS,10,verifier,total_lifecycle,0.0921680024,SECaaS
10,startup,SECaaS,10,verifier,verify_compute,1.1936e-06,SECaaS
